國家,名稱,地址
日本,ﾌｧﾐﾘｰﾏｰﾄ谷町四丁目店,大阪府大阪市中央区谷町四丁目１１－１
日本,ﾌｧﾐﾘｰﾏｰﾄ大阪ﾋﾞｼﾞﾈｽﾊﾟｰｸ店,大阪府大阪市中央区城見２丁目
日本,ﾌｧﾐﾘｰﾏｰﾄ淡路町三丁目店,大阪府大阪市中央区淡路町３丁目５－１３
日本,ﾌｧﾐﾘｰﾏｰﾄ久太郎町二丁目店,大阪府大阪市中央区久太郎町２－３－１５
日本,ﾌｧﾐﾘｰﾏｰﾄ内久宝寺町三丁目店,大阪府大阪市中央区内久宝寺町３丁目４番４号
日本,ﾌｧﾐﾘｰﾏｰﾄ北浜二丁目店,大阪府大阪市中央区北浜２－４－１２
日本,ﾌｧﾐﾘｰﾏｰﾄﾖｰﾛｯﾊﾟ通り店,大阪府大阪市中央区東心斎橋２－８－２６都ファッションビル
日本,ﾌｧﾐﾘｰﾏｰﾄ難波玉屋町店,大阪府大阪市中央区東心斎橋２丁目６－９
日本,ﾌｧﾐﾘｰﾏｰﾄ宗右衛門町店,大阪府大阪市中央区宗右衛門町７－５
日本,ﾌｧﾐﾘｰﾏｰﾄ天満三丁目店,大阪府大阪市北区天満三丁目１０番４号
日本,ﾌｧﾐﾘｰﾏｰﾄJR天満駅前店,大阪府大阪市北区錦町３－１２
日本,ﾌｧﾐﾘｰﾏｰﾄ曽根崎新地一丁目店,大阪府大阪市北区曽根崎新地１丁目３－１６
日本,ﾌｧﾐﾘｰﾏｰﾄ堂島一丁目店,大阪府大阪市北区堂島１丁目４番２号
日本,ｻｰｸﾙK本庄西三丁目店,大阪府大阪市北区本庄西３丁目９番１０号
日本,ﾌｧﾐﾘｰﾏｰﾄ京橋店,大阪府大阪市都島区都島南通り２－１４－１７ 杉本ビル１Ｆ
日本,ﾌｧﾐﾘｰﾏｰﾄ関目一丁目店,大阪府大阪市城東区関目１丁目２－７
日本,ﾌｧﾐﾘｰﾏｰﾄ堂島浜一丁目店,大阪府大阪市北区堂島浜１丁目４番１９号
日本,ﾌｧﾐﾘｰﾏｰﾄ東中浜四丁目店,大阪府大阪市城東区東中浜４丁目９番２３号
日本,ﾌｧﾐﾘｰﾏｰﾄ鶴見諸口一丁目店,大阪府大阪市鶴見区諸口１丁目１番８号
日本,ﾌｧﾐﾘｰﾏｰﾄ四天王寺夕陽ヶ丘店,大阪府大阪市天王寺区六万体町５番１３号
日本,ﾌｧﾐﾘｰﾏｰﾄ玉造駅前店,大阪府大阪市東成区東小橋１－９－１９
日本,ﾌｧﾐﾘｰﾏｰﾄ新今里三丁目店,大阪府大阪市生野区新今里三丁目１４番１号
日本,ﾌｧﾐﾘｰﾏｰﾄ勝山北店,大阪府大阪市生野区勝山北２丁目１７－１４
日本,ﾌｧﾐﾘｰﾏｰﾄ田島五丁目店,大阪府大阪市生野区田島５丁目４－２９
日本,ﾌｧﾐﾘｰﾏｰﾄ巽中四丁目店,大阪府大阪市生野区巽中４丁目３－１８
日本,ﾌｧﾐﾘｰﾏｰﾄ福島駅南店,大阪府大阪市福島区福島５丁目１２－２３
日本,ﾌｧﾐﾘｰﾏｰﾄ西本町なにわ筋店,大阪府大阪市西区西本町１丁目１５－１０
日本,ﾌｧﾐﾘｰﾏｰﾄ南掘江三丁目店,大阪府大阪市西区南堀江３－１２－１７
日本,ﾌｧﾐﾘｰﾏｰﾄ浪速塩草店,大阪府大阪市浪速区塩草３－７－１０
日本,ﾌｧﾐﾘｰﾏｰﾄ駒川三丁目店,大阪府大阪市東住吉区駒川３丁目２７番２５号
日本,ﾌｧﾐﾘｰﾏｰﾄ東住吉南田辺店,大阪府大阪市東住吉区南田辺１丁目８番２３号
日本,ﾌｧﾐﾘｰﾏｰﾄ加美正覚寺店,大阪府大阪市平野区加美正覚寺１丁目７－７
日本,ﾌｧﾐﾘｰﾏｰﾄ加美東店,大阪府大阪市平野区加美東３丁目１７－２１
日本,ﾌｧﾐﾘｰﾏｰﾄ平野西一丁目店,大阪府大阪市平野区平野西一丁目５番３１号
日本,ﾌｧﾐﾘｰﾏｰﾄ喜連二丁目店,大阪府大阪市平野区喜連２－７－２７
日本,ﾌｧﾐﾘｰﾏｰﾄ長居東三丁目店,大阪府大阪市住吉区長居東３－４－１１
日本,ﾌｧﾐﾘｰﾏｰﾄ遠里小野二丁目店,大阪府大阪市住吉区遠里小野２丁目１０番３４号
日本,ﾌｧﾐﾘｰﾏｰﾄ大正小林西店,大阪府大阪市大正区小林西１丁目１４番３１号
日本,ﾌｧﾐﾘｰﾏｰﾄ大正千島一丁目店,大阪府大阪市大正区千島１丁目２３番８７号
日本,ﾌｧﾐﾘｰﾏｰﾄ大正駅南店,大阪府大阪市大正区三軒家東１丁目１７－１８
日本,ﾌｧﾐﾘｰﾏｰﾄ上新庄駅南店,大阪府大阪市東淀川区瑞光１丁目１２－３
日本,ﾌｧﾐﾘｰﾏｰﾄ東淀川瑞光店,大阪府大阪市東淀川区瑞光２－９－２７
日本,ﾌｧﾐﾘｰﾏｰﾄ泉大津東港町店,大阪府泉大津市東港町１５－１８
日本,ﾌｧﾐﾘｰﾏｰﾄ泉南男里店,大阪府泉南市男里六丁目１６番８号
日本,ﾌｧﾐﾘｰﾏｰﾄ阿波座駅前店,大阪府大阪市西区立売堀５丁目１番１１号
日本,ﾌｧﾐﾘｰﾏｰﾄ淀川東三国店,大阪府大阪市淀川区東三国６丁目２５番１０号
日本,ﾌｧﾐﾘｰﾏｰﾄ鶴見安田二丁目店,大阪府大阪市鶴見区安田二丁目４番１４号
日本,ﾌｧﾐﾘｰﾏｰﾄ平野瓜破店,大阪府大阪市平野区瓜破西二丁目５番１３号
日本,ﾌｧﾐﾘｰﾏｰﾄ鶴見今津北店,大阪府大阪市鶴見区今津北三丁目６番１８号
日本,ﾌｧﾐﾘｰﾏｰﾄ住之江平林南店,大阪府大阪市住之江区平林南２丁目１２番３２号
日本,ﾌｧﾐﾘｰﾏｰﾄ南森町駅南店,大阪府大阪市北区天神橋２丁目３番１０号サンハイム南森町１Ｆ
日本,ﾌｧﾐﾘｰﾏｰﾄ緑橋店,大阪府大阪市東成区中本１－１１－１３
日本,ﾌｧﾐﾘｰﾏｰﾄ浪速敷津東店,大阪府大阪市浪速区敷津東一丁目８番１９号
日本,ﾌｧﾐﾘｰﾏｰﾄ住吉苅田二丁目店,大阪府大阪市住吉区苅田二丁目５番２号
日本,ﾌｧﾐﾘｰﾏｰﾄ鶴見横堤三丁目店,大阪府大阪市鶴見区横堤３丁目１０番３４号
日本,ﾌｧﾐﾘｰﾏｰﾄ常盤町二丁目店,大阪府大阪市中央区常盤町２丁目３番５号
日本,ﾌｧﾐﾘｰﾏｰﾄｷｭｰｽﾞﾀｳﾝ店,大阪府大阪市阿倍野区阿倍野筋一丁目６番１号ヴィアあべのウォーク１１２
日本,ﾌｧﾐﾘｰﾏｰﾄ平野長吉出戸店,大阪府大阪市平野区長吉出戸八丁目３番４５号
日本,ﾌｧﾐﾘｰﾏｰﾄ本庄西二丁目店,大阪府大阪市北区本庄西２丁目２２番１２号
日本,ﾌｧﾐﾘｰﾏｰﾄ大阪国際ﾋﾞﾙ西口店,大阪府大阪市中央区安土町２丁目３番１３号 大阪国際ビルディング
日本,ﾌｧﾐﾘｰﾏｰﾄ阪急中津駅前店,大阪府大阪市北区中津３丁目５番１号
日本,ﾌｧﾐﾘｰﾏｰﾄ生野鶴橋一丁目店,大阪府大阪市生野区鶴橋一丁目９番３２号
日本,ﾌｧﾐﾘｰﾏｰﾄ東住吉矢田店,大阪府大阪市東住吉区矢田一丁目９番１７号
日本,ﾌｧﾐﾘｰﾏｰﾄ海老江三丁目店,大阪府大阪市福島区海老江３丁目２４番３９号
日本,ﾌｧﾐﾘｰﾏｰﾄ森ﾉ宮中央店,大阪府大阪市中央区森ノ宮中央２丁目１３ー３０
日本,ﾌｧﾐﾘｰﾏｰﾄ生野巽西店,大阪府大阪市生野区巽西２丁目１２－１９
日本,ﾌｧﾐﾘｰﾏｰﾄ高殿一丁目店,大阪府大阪市旭区高殿一丁目４－１４
日本,ﾌｧﾐﾘｰﾏｰﾄ城東中央二丁目店,大阪府大阪市城東区中央二丁目８番１５号
日本,ﾌｧﾐﾘｰﾏｰﾄ淀川田川店,大阪府大阪市淀川区田川二丁目８番４号
日本,ﾌｧﾐﾘｰﾏｰﾄ日本橋二丁目店,大阪府大阪市中央区日本橋二丁目１８番１２号
日本,ﾌｧﾐﾘｰﾏｰﾄ淀川加島店,大阪府大阪市淀川区加島一丁目５０番２０号
日本,ﾌｧﾐﾘｰﾏｰﾄ東住吉杭全店,大阪府大阪市東住吉区杭全二丁目１０番６号
日本,ﾌｧﾐﾘｰﾏｰﾄ菅原北公園前店,大阪府大阪市東淀川区菅原七丁目１４番１３号
日本,ﾌｧﾐﾘｰﾏｰﾄﾏﾙﾊﾝ新世界店-1,大阪府大阪市浪速区恵美須東三丁目４番３６号マルハン新世界ビル１階
日本,ﾌｧﾐﾘｰﾏｰﾄﾏﾙﾊﾝ新世界店-2,大阪府大阪市浪速区恵美須東三丁目４番３６号マルハン新世界ビル１階
日本,ﾌｧﾐﾘｰﾏｰﾄ生野巽中一丁目店,大阪府大阪市生野区巽中１丁目２２番２５号
日本,ﾌｧﾐﾘｰﾏｰﾄ鶴見横堤一丁目店,大阪府大阪市鶴見区横堤一丁目１２番１０号
日本,ﾌｧﾐﾘｰﾏｰﾄ大今里西一丁目店,大阪府大阪市東成区大今里西一丁目２番９号
日本,ﾌｧﾐﾘｰﾏｰﾄ深江橋駅東店,大阪府大阪市城東区諏訪四丁目３番１号
日本,ﾌｧﾐﾘｰﾏｰﾄ河原町竹屋町店,京都府京都市中京区河原町通竹屋町下る指物町３１１番地
日本,ﾌｧﾐﾘｰﾏｰﾄ烏丸丸太町店,京都府京都市中京区烏丸通竹屋町上ル大倉町２０３番地
日本,ﾌｧﾐﾘｰﾏｰﾄ堀川御池店,京都府京都市中京区岩上通御池下る上巴町４１５番地
日本,ﾌｧﾐﾘｰﾏｰﾄ四条大宮東店,京都府京都市下京区四条通大宮東入立中町４９１番地
日本,ﾌｧﾐﾘｰﾏｰﾄ七条堀川店,京都府京都市下京区七条通東堀川西入八百屋町４番地
日本,ﾌｧﾐﾘｰﾏｰﾄ京阪五条店,京都府京都市東山区五条通大橋東入東橋詰町１１番地２
日本,ﾌｧﾐﾘｰﾏｰﾄ烏丸寺ﾉ内店,京都府京都市上京区烏丸通寺之内上る相国寺門前町６４７番地８
日本,ﾌｧﾐﾘｰﾏｰﾄ京都一乗寺店,京都府京都市左京区一乗寺花ノ木町１番地
日本,ﾌｧﾐﾘｰﾏｰﾄ右京団子田町店,京都府京都市右京区西京極徳大寺団子田町４４番地１
日本,ﾌｧﾐﾘｰﾏｰﾄ葛野大路高辻店,京都府京都市右京区西院西田町９７番地１
日本,ﾌｧﾐﾘｰﾏｰﾄ西大路三条店,京都府京都市右京区西院上今田町２５番地１
日本,ﾌｧﾐﾘｰﾏｰﾄ上桂山田口店,京都府京都市西京区山田弦馳町１番地１２
日本,ﾌｧﾐﾘｰﾏｰﾄ中久世一丁目店,京都府京都市南区久世中久世町一丁目１０４番地２
日本,ﾌｧﾐﾘｰﾏｰﾄ西大路駅前店,京都府京都市南区唐橋西平垣町１番６ １Ｆ
日本,ﾌｧﾐﾘｰﾏｰﾄ烏丸八条口店,京都府京都市南区東九条上殿田町４１番地１
日本,ﾌｧﾐﾘｰﾏｰﾄ伏見新堀川店,京都府京都市伏見区横大路下三栖里ノ内１４
日本,ﾌｧﾐﾘｰﾏｰﾄ伏見醍醐大構店,京都府京都市伏見区醍醐大構町２６番地３
日本,ﾌｧﾐﾘｰﾏｰﾄ伏見舞台町店,京都府京都市伏見区舞台町４９番地
日本,ﾌｧﾐﾘｰﾏｰﾄ伏見墨染店,京都府京都市伏見区深草大島屋敷町３２番地
日本,ﾌｧﾐﾘｰﾏｰﾄ竹田七瀬川店,京都府京都市伏見区竹田七瀬川町１５４番地４
日本,ﾌｧﾐﾘｰﾏｰﾄ師団街道深草店,京都府京都市伏見区深草相深町１９番地１３
日本,ﾌｧﾐﾘｰﾏｰﾄ伏見出羽屋敷店,京都府京都市伏見区深草出羽屋敷町２３番地１１
日本,ﾌｧﾐﾘｰﾏｰﾄ京都伏見横大路店,京都府京都市伏見区横大路下三栖宮ノ後１４番地の１
日本,ﾌｧﾐﾘｰﾏｰﾄ伏見向島本丸店,京都府京都市伏見区向島本丸町２番地
日本,ﾌｧﾐﾘｰﾏｰﾄ千本赤池店,京都府京都市伏見区中島河原田町１５番地
日本,ﾌｧﾐﾘｰﾏｰﾄ北野白梅町店,京都府京都市北区大将軍西町２００番地１
日本,ﾌｧﾐﾘｰﾏｰﾄ烏丸十条店,京都府京都市南区東九条河辺町１番地１
日本,ﾌｧﾐﾘｰﾏｰﾄ京都岩倉中町店,京都府京都市左京区岩倉中町３２４番地
日本,ﾌｧﾐﾘｰﾏｰﾄ烏丸仏光寺店,京都府京都市下京区烏丸通仏光寺下る大政所町６７５番地
日本,ﾌｧﾐﾘｰﾏｰﾄ山科三条通店,京都府京都市山科区竹鼻 外田町２５－３７
日本,ﾌｧﾐﾘｰﾏｰﾄ京都嵯峨広沢店,京都府京都市右京区嵯峨広沢御所ノ内町３０番地
日本,ﾌｧﾐﾘｰﾏｰﾄ伏見小栗栖南店,京都府京都市伏見区小栗栖森本町６番地６
日本,ﾌｧﾐﾘｰﾏｰﾄ佛教大学前店,京都府京都市北区紫野西蓮台野町７３
日本,ﾌｧﾐﾘｰﾏｰﾄ北山栗栖町店,京都府京都市北区紫竹栗栖町４９番３
日本,ﾌｧﾐﾘｰﾏｰﾄ伏見深草西浦店,京都府京都市伏見区深草西浦町８丁目１番地
日本,ﾌｧﾐﾘｰﾏｰﾄ京都産業大学前店,京都府京都市北区上賀茂壱町口町２２番地２
日本,ﾌｧﾐﾘｰﾏｰﾄ四条通梅津店,京都府京都市右京区梅津北浦町５番１
日本,ﾌｧﾐﾘｰﾏｰﾄ横大路下三栖店,京都府京都市伏見区横大路下三栖辻堂町２２番
日本,ﾌｧﾐﾘｰﾏｰﾄ西小路天神川店,京都府京都市中京区西ノ京小堀池町１９番地５
日本,ﾌｧﾐﾘｰﾏｰﾄ三条新町店,京都府京都市中京区新町通姉小路下る町頭町１１５番
日本,ﾌｧﾐﾘｰﾏｰﾄ二条駅前店,京都府京都市中京区西ノ京星池町２３９番地
日本,ﾌｧﾐﾘｰﾏｰﾄ吉祥院這登中町店,京都府京都市南区吉祥院這登中町２４番地
日本,ﾌｧﾐﾘｰﾏｰﾄ伏見桃山東店,京都府京都市伏見区桃山町山ノ下１９番地２５
日本,ﾌｧﾐﾘｰﾏｰﾄ河原町十条店,京都府京都市南区東九条東札辻町４番地１
日本,ﾌｧﾐﾘｰﾏｰﾄ吉祥院東前田店,京都府京都市南区吉祥院東前田町３４番地
日本,ﾌｧﾐﾘｰﾏｰﾄ白川通別当町店,京都府京都市左京区北白川上別当町７番地２
日本,ﾌｧﾐﾘｰﾏｰﾄ伏見桃山南店,京都府京都市伏見区桃山 南大島町４９－１
日本,ﾌｧﾐﾘｰﾏｰﾄ港区白金ﾌﾟﾗｻﾞ店,東京都港区白金１－１７－１
日本,ﾌｧﾐﾘｰﾏｰﾄ大田東糀谷店,東京都大田区東糀谷四丁目４番７号
日本,ﾌｧﾐﾘｰﾏｰﾄ晴海ｾﾝﾀｰﾋﾞﾙ店,東京都中央区晴海２丁目５－２４晴海センタービル
日本,ﾌｧﾐﾘｰﾏｰﾄ専大通り店,東京都千代田区神田神保町３丁目１２－３
日本,ﾌｧﾐﾘｰﾏｰﾄ御成門店,東京都港区新橋６丁目１７－１７
日本,ﾌｧﾐﾘｰﾏｰﾄ歌舞伎町さくら通り店,東京都新宿区歌舞伎町１－１３－１１
日本,ﾌｧﾐﾘｰﾏｰﾄ高田馬場戸山口店,東京都新宿区高田馬場４－３－１２
日本,ﾌｧﾐﾘｰﾏｰﾄ神楽坂上店,東京都新宿区神楽坂６丁目３２
日本,ﾌｧﾐﾘｰﾏｰﾄ西新宿柏木公園前店,東京都新宿区西新宿７－１８－１ 巴ビル１Ｆ
日本,ﾌｧﾐﾘｰﾏｰﾄ西早稲田店,東京都新宿区西早稲田３－２７－１
日本,ﾌｧﾐﾘｰﾏｰﾄ新大久保駅前店,東京都新宿区百人町２丁目１１－２ 神倉ビル
日本,ﾌｧﾐﾘｰﾏｰﾄ小滝橋通り店,東京都新宿区北新宿４－３－１３
日本,ﾌｧﾐﾘｰﾏｰﾄ湯島一丁目店,東京都文京区湯島一丁目６番３号
日本,ﾌｧﾐﾘｰﾏｰﾄ入谷店,東京都台東区下谷２丁目１－１０
日本,ﾌｧﾐﾘｰﾏｰﾄ蔵前店,東京都台東区蔵前２－１７－１
日本,ﾌｧﾐﾘｰﾏｰﾄ谷中店,東京都台東区谷中３－２４－４ Ｋ－ハウス１
日本,ﾌｧﾐﾘｰﾏｰﾄ東上野店,東京都台東区東上野１丁目１１－４
日本,ﾌｧﾐﾘｰﾏｰﾄ新木場一丁目店,東京都江東区新木場１丁目１１
日本,ﾌｧﾐﾘｰﾏｰﾄ江東新木場二丁目店,東京都江東区新木場二丁目１０番５号
日本,ﾌｧﾐﾘｰﾏｰﾄ南砂六丁目店,東京都江東区南砂６－１－６
日本,ﾌｧﾐﾘｰﾏｰﾄ深川門前仲町店,東京都江東区富岡１－２３－１６
日本,ﾌｧﾐﾘｰﾏｰﾄ江東北砂四丁目店,東京都江東区北砂四丁目３２－１４
日本,ﾌｧﾐﾘｰﾏｰﾄﾎﾟｰﾄｽﾄｱ大井SC店,東京都大田区東海四丁目１番地
日本,ﾌｧﾐﾘｰﾏｰﾄ代々木三丁目店,東京都渋谷区代々木３丁目２９番３号
日本,ﾌｧﾐﾘｰﾏｰﾄ渋谷本町三丁目店,東京都渋谷区本町３－４１－１１
日本,ﾌｧﾐﾘｰﾏｰﾄ中野新江古田店,東京都中野区江原町２丁目２９番１３号
日本,ﾌｧﾐﾘｰﾏｰﾄ都立家政店,東京都中野区鷺宮２丁目６－７
日本,ﾌｧﾐﾘｰﾏｰﾄ中野沼袋四丁目店,東京都中野区沼袋４－２９－１５
日本,ﾌｧﾐﾘｰﾏｰﾄ中野通り店,東京都中野区新井２－１－１５
日本,ﾌｧﾐﾘｰﾏｰﾄ紀伊国屋中野一丁目店,東京都中野区中野１－１３－９
日本,ﾌｧﾐﾘｰﾏｰﾄ中野南口店,東京都中野区中野２丁目１２番９号
日本,ﾌｧﾐﾘｰﾏｰﾄ中野桃園店,東京都中野区中野三丁目３３－６
日本,ﾌｧﾐﾘｰﾏｰﾄ中野弥生町店,東京都中野区弥生町一丁目２８番８号
日本,ﾌｧﾐﾘｰﾏｰﾄ中野富士見町駅前店,東京都中野区弥生町５丁目２７番７号
日本,ﾌｧﾐﾘｰﾏｰﾄ立教通り店,東京都豊島区西池袋三丁目２９－７
日本,ﾌｧﾐﾘｰﾏｰﾄ下板橋駅前店,東京都豊島区池袋本町四丁目４３－１２
日本,ﾌｧﾐﾘｰﾏｰﾄ東池袋四丁目店,東京都豊島区東池袋４丁目２９番１２号
日本,ﾌｧﾐﾘｰﾏｰﾄ大塚空蝉橋店,東京都豊島区南大塚三丁目３０－６
日本,ﾌｧﾐﾘｰﾏｰﾄ北大塚二丁目店,東京都豊島区北大塚二丁目８－１１
日本,ﾌｧﾐﾘｰﾏｰﾄ豊島要町二丁目店,東京都豊島区要町２丁目３１－６
日本,ﾌｧﾐﾘｰﾏｰﾄ新板橋駅前店,東京都板橋区板橋４－４－３
日本,ﾌｧﾐﾘｰﾏｰﾄ西神田三丁目店,東京都千代田区西神田三丁目５番１号
日本,ﾌｧﾐﾘｰﾏｰﾄ晴海ﾌﾛﾝﾄ店,東京都中央区晴海二丁目１番４０号晴海フロント１Ｆ
日本,ﾌｧﾐﾘｰﾏｰﾄ池袋本町一丁目店,東京都豊島区池袋本町１丁目２０－５山屋マンション１Ｆ
日本,ﾌｧﾐﾘｰﾏｰﾄ両国亀沢店,東京都墨田区亀沢１－２４－１
日本,ﾌｧﾐﾘｰﾏｰﾄ市ヶ谷店,東京都千代田区九段北４－２－１１
日本,ﾌｧﾐﾘｰﾏｰﾄ宮の坂店,東京都世田谷区宮坂１－２５－１
日本,ﾌｧﾐﾘｰﾏｰﾄ阿佐谷南店,東京都杉並区阿佐谷南２－２－１３
日本,ﾌｧﾐﾘｰﾏｰﾄ阿佐谷北四丁目店,東京都杉並区阿佐谷北４丁目２２番９号
日本,ﾌｧﾐﾘｰﾏｰﾄ小竹向原駅前店,東京都板橋区向原３－１０－６
日本,ﾌｧﾐﾘｰﾏｰﾄ下赤塚店,東京都板橋区板橋区赤塚１－８－６
日本,ﾌｧﾐﾘｰﾏｰﾄ瑞江駅北口店,東京都江戸川区瑞江２－５－２１ サイトウビル
日本,ﾌｧﾐﾘｰﾏｰﾄ西一之江店,東京都江戸川区西一之江４丁目８－１９
日本,ﾌｧﾐﾘｰﾏｰﾄ内神田鎌倉橋店,東京都千代田区内神田一丁目６番６号
日本,ﾌｧﾐﾘｰﾏｰﾄ経堂北店,東京都世田谷区経堂２－６－２
日本,ﾌｧﾐﾘｰﾏｰﾄ弦巻一丁目店,東京都世田谷区弦巻一丁目１４－１７
日本,ﾌｧﾐﾘｰﾏｰﾄ杉並高円寺北店,東京都杉並区高円寺北３－４５－１３
日本,ﾌｧﾐﾘｰﾏｰﾄ高円寺純情商店街店,東京都杉並区高円寺北３丁目２４－１３
日本,ﾌｧﾐﾘｰﾏｰﾄ四谷若葉店,東京都新宿区若葉３丁目２番６号
日本,ﾌｧﾐﾘｰﾏｰﾄ西新宿三丁目店,東京都新宿区西新宿三丁目１１番２０号 オフィススクエアービル新宿１階
日本,ﾌｧﾐﾘｰﾏｰﾄ弦巻五丁目店,東京都世田谷区弦巻五丁目2番14号
日本,ﾌｧﾐﾘｰﾏｰﾄ江戸川船堀一丁目店,東京都江戸川区船堀１－１－３８
日本,ﾌｧﾐﾘｰﾏｰﾄ新宿十二社店,東京都新宿区西新宿４－２－１８
日本,ﾌｧﾐﾘｰﾏｰﾄ池尻二丁目店,東京都世田谷区池尻２－３４－１ 井上ビル
日本,ﾌｧﾐﾘｰﾏｰﾄ荻窪教会通り店,東京都杉並区天沼３－２６－１５ サンパレス
日本,ﾌｧﾐﾘｰﾏｰﾄ江戸川船堀店,東京都江戸川区船堀７丁目６番２０号
日本,ﾌｧﾐﾘｰﾏｰﾄ江東南砂四丁目店,東京都江東区南砂四丁目４番２０号
日本,ﾌｧﾐﾘｰﾏｰﾄ千歳烏山店,東京都世田谷区南烏山四丁目２２－１１
日本,ﾌｧﾐﾘｰﾏｰﾄ高円寺梅里店,東京都杉並区梅里一丁目８－１２
日本,ﾌｧﾐﾘｰﾏｰﾄ杉並方南町交差点前店,東京都杉並区堀ノ内１丁目１番１２号
日本,ﾌｧﾐﾘｰﾏｰﾄ板橋徳丸七丁目店,東京都板橋区徳丸七丁目７番４号
日本,ﾌｧﾐﾘｰﾏｰﾄ板橋南ときわ台店,東京都板橋区南常盤台１－３０－８
日本,ﾌｧﾐﾘｰﾏｰﾄ南葛西三丁目店,東京都江戸川区南葛西三丁目１５番１５号
日本,ﾌｧﾐﾘｰﾏｰﾄ小岩南口店,東京都江戸川区南小岩六丁目３０番８号
日本,ﾌｧﾐﾘｰﾏｰﾄ神谷町店,東京都港区虎ノ門４－１－６
日本,ﾌｧﾐﾘｰﾏｰﾄ田町東口店,東京都港区芝浦３ー１３ー３ 芝浦ＳＥＣビル
日本,ﾌｧﾐﾘｰﾏｰﾄ南烏山店,東京都世田谷区南烏山６－３８－１０
日本,ﾌｧﾐﾘｰﾏｰﾄ千歳烏山駅北店,東京都世田谷区南烏山６丁目３－６
日本,ﾌｧﾐﾘｰﾏｰﾄ杉並堀の内店,東京都杉並区堀ノ内二丁目１－４２
日本,ﾌｧﾐﾘｰﾏｰﾄ杉並本天沼三丁目店,東京都杉並区本天沼３－４３－１０
日本,ﾌｧﾐﾘｰﾏｰﾄ練馬石神井三丁目店,東京都練馬区石神井町３丁目２５－２１
日本,ﾌｧﾐﾘｰﾏｰﾄ平井駅前店,東京都江戸川区平井５丁目１６－９
日本,ﾌｧﾐﾘｰﾏｰﾄ墨田菊川駅前店,東京都墨田区菊川２－５－１０
日本,ﾌｧﾐﾘｰﾏｰﾄ墨田錦糸町北口店,東京都墨田区錦糸３丁目２－１ アルカイースト
日本,ﾌｧﾐﾘｰﾏｰﾄ練馬石神井町八丁目店,東京都練馬区石神井町８－４０－１１
日本,ﾌｧﾐﾘｰﾏｰﾄ足立綾瀬西口店,東京都足立区綾瀬４－７－３
日本,ﾌｧﾐﾘｰﾏｰﾄ足立五反野店,東京都足立区弘道１丁目１４－２
日本,ﾌｧﾐﾘｰﾏｰﾄ錦糸町店,東京都墨田区江東橋４－２９－１３ 第２鈴勘ビル
日本,ﾌｧﾐﾘｰﾏｰﾄ伊豆屋下目黒三丁目店,東京都目黒区下目黒３－７－３２－１０３
日本,ﾌｧﾐﾘｰﾏｰﾄ十条仲原三丁目店,東京都北区十条仲原３－８－３
日本,ﾌｧﾐﾘｰﾏｰﾄ北区上十条一丁目店,東京都北区上十条１－２１－２
日本,ﾌｧﾐﾘｰﾏｰﾄ田柄三丁目店,東京都練馬区田柄３－６－２０ グリーンハイム義
日本,ﾌｧﾐﾘｰﾏｰﾄ千住あずま店,東京都足立区千住東二丁目１９－１
日本,ﾌｧﾐﾘｰﾏｰﾄ駒場4丁目店,東京都目黒区駒場４丁目６－１０ コスモスビル１階
日本,ﾌｧﾐﾘｰﾏｰﾄ池尻大橋駅北店,東京都目黒区大橋２－２４－１
日本,ﾌｧﾐﾘｰﾏｰﾄ渋谷三丁目店,東京都渋谷区渋谷三丁目１７番２号
日本,ﾌｧﾐﾘｰﾏｰﾄ西ヶ原四丁目店,東京都北区西ヶ原４－６５－４
日本,ﾌｧﾐﾘｰﾏｰﾄ足立東和店,東京都足立区東和４－２５－１
日本,ﾌｧﾐﾘｰﾏｰﾄ都立大学駅西店,東京都目黒区中根１－３－９ 森戸ビル
日本,ﾌｧﾐﾘｰﾏｰﾄ羽田空港貨物店,東京都大田区羽田空港３丁目２番６号ア－クビル１階
日本,ﾌｧﾐﾘｰﾏｰﾄ新江古田駅前店,東京都練馬区豊玉北１－６－１４
日本,ﾌｧﾐﾘｰﾏｰﾄ練馬豊中通り店,東京都練馬区豊玉北一丁目２０番２号
日本,ﾌｧﾐﾘｰﾏｰﾄ武蔵小山店,東京都品川区小山４丁目４番地５号
日本,ﾌｧﾐﾘｰﾏｰﾄ上大崎店,東京都品川区上大崎３－１４－３４ 十一屋ヒ゛ル
日本,ﾌｧﾐﾘｰﾏｰﾄ蒲田西口店,東京都大田区西蒲田７－５－１４シティプラザ蒲田１Ｆ
日本,ﾌｧﾐﾘｰﾏｰﾄ荒川六丁目店,東京都荒川区荒川６－４０－５
日本,ﾌｧﾐﾘｰﾏｰﾄ東武練馬駅南口店,東京都練馬区北町２－３８－７
日本,ﾌｧﾐﾘｰﾏｰﾄ練馬北町一丁目店,東京都練馬区北町１－９－２
日本,ﾌｧﾐﾘｰﾏｰﾄ銀座八丁目店,東京都中央区銀座八丁目１０番１７号
日本,ﾌｧﾐﾘｰﾏｰﾄ麻布十番商店街通り店,東京都港区麻布十番２丁目２－４
日本,ﾌｧﾐﾘｰﾏｰﾄ雪谷大塚店,東京都大田区南雪谷２丁目２－１３
日本,ﾌｧﾐﾘｰﾏｰﾄ中野江原町一丁目店,東京都中野区江原町一丁目４６番１８号
日本,ﾌｧﾐﾘｰﾏｰﾄ立石三丁目店,東京都葛飾区立石３－１－２
日本,ﾌｧﾐﾘｰﾏｰﾄ萩中三丁目店,東京都大田区萩中三丁目５－７
日本,ﾌｧﾐﾘｰﾏｰﾄ池袋西口駅前店,東京都豊島区西池袋１－１３－１
日本,ﾌｧﾐﾘｰﾏｰﾄ三ノ輪橋店,東京都荒川区南千住１－１５－４
日本,ﾌｧﾐﾘｰﾏｰﾄ成増一丁目店,東京都板橋区成増１－２８－１５
日本,ﾌｧﾐﾘｰﾏｰﾄ神田多町店,東京都千代田区神田多町２－４
日本,ﾌｧﾐﾘｰﾏｰﾄ半蔵門駅南店,東京都千代田区隼町２－１７
日本,ﾌｧﾐﾘｰﾏｰﾄ中央月島三丁目店,東京都中央区月島三丁目１２番４号
日本,ﾌｧﾐﾘｰﾏｰﾄ新富町駅前店,東京都中央区築地２－３－２
日本,ﾌｧﾐﾘｰﾏｰﾄ日本橋本町一丁目店,東京都中央区日本橋本町一丁目５番９号（ＫＤＸ日本橋本町ビル）
日本,ﾌｧﾐﾘｰﾏｰﾄ大門駅前店,東京都港区芝大門１－１６－７ 幸伸ビル１Ｆ
日本,ﾌｧﾐﾘｰﾏｰﾄ新橋西口通り店,東京都港区新橋４－１９－１０
日本,ﾌｧﾐﾘｰﾏｰﾄ銀座中央通り店,東京都港区新橋一丁目７番１号
日本,ﾌｧﾐﾘｰﾏｰﾄ東新宿駅西店,東京都新宿区大久保１丁目８番２号
日本,ﾌｧﾐﾘｰﾏｰﾄ台東千束店,東京都台東区千束四丁目２６番５号
日本,ﾌｧﾐﾘｰﾏｰﾄ江東亀戸九丁目店,東京都江東区亀戸九丁目３４番１－１３８号
日本,ﾌｧﾐﾘｰﾏｰﾄ東品川店,東京都品川区東品川一丁目３２－３
日本,ﾌｧﾐﾘｰﾏｰﾄ大田上池台四丁目店,東京都大田区上池台四丁目４０－８
日本,ﾌｧﾐﾘｰﾏｰﾄ田園調布本町店,東京都大田区田園調布本町３３－１２
日本,ﾌｧﾐﾘｰﾏｰﾄ世田谷若林一丁目店,東京都世田谷区若林一丁目２６－８
日本,ﾌｧﾐﾘｰﾏｰﾄ上馬店,東京都世田谷区上馬１－３１－９
日本,ﾌｧﾐﾘｰﾏｰﾄ南烏山五丁目店,東京都世田谷区南烏山５丁目２４番８号
日本,ﾌｧﾐﾘｰﾏｰﾄ渋谷笹塚二丁目西店,東京都渋谷区笹塚二丁目２５－６
日本,ﾌｧﾐﾘｰﾏｰﾄ渋谷ﾏｰｸｼﾃｨ店,東京都渋谷区道玄坂１－１２－５
日本,ﾌｧﾐﾘｰﾏｰﾄ西永福駅前店,東京都杉並区永福３－５５－１
日本,ﾌｧﾐﾘｰﾏｰﾄ北区西が丘一丁目店,東京都北区西が丘一丁目３６－３
日本,ﾌｧﾐﾘｰﾏｰﾄ田端駅前店,東京都北区田端六丁目１番１号 田端アスカタワ－
日本,ﾌｧﾐﾘｰﾏｰﾄ常盤台二丁目店,東京都板橋区常盤台２－５－２３
日本,ﾌｧﾐﾘｰﾏｰﾄ石神井公園北口店,東京都練馬区石神井町２－８－１６
日本,ﾌｧﾐﾘｰﾏｰﾄ練馬大泉町一丁目店,東京都練馬区大泉町１丁目５４番１３号
日本,ﾌｧﾐﾘｰﾏｰﾄ足立青井店,東京都足立区青井１－２－１５
日本,ﾌｧﾐﾘｰﾏｰﾄ亀有五丁目店,東京都葛飾区亀有５丁目２７番８号 起ビル１階
日本,ﾌｧﾐﾘｰﾏｰﾄ金町南口店,東京都葛飾区金町６丁目４－２ ラヴィクレ－ル１－１
日本,ﾌｧﾐﾘｰﾏｰﾄ江戸川篠崎街道店,東京都江戸川区篠崎町四丁目２１番１６号
日本,ﾌｧﾐﾘｰﾏｰﾄ江戸川松江三丁目店,東京都江戸川区松江三丁目９－３
日本,ﾌｧﾐﾘｰﾏｰﾄ葛西長島町店,東京都江戸川区中葛西三丁目２８番１０号
日本,ﾌｧﾐﾘｰﾏｰﾄ江戸川上篠崎店,東京都江戸川区上篠崎三丁目１４番１７号
日本,ﾌｧﾐﾘｰﾏｰﾄ神田駅北口店,東京都千代田区内神田三丁目２０番７号
日本,ﾌｧﾐﾘｰﾏｰﾄ足立綾瀬三丁目店,東京都足立区綾瀬３丁目２６番９
日本,ﾌｧﾐﾘｰﾏｰﾄ足立竹の塚二丁目店,東京都足立区竹の塚２－２９－１０
日本,ﾌｧﾐﾘｰﾏｰﾄ西麻布霞町店,東京都港区西麻布二丁目９－１６
日本,ﾌｧﾐﾘｰﾏｰﾄｱｰｸﾋﾙｽﾞ前店,東京都港区六本木２－２－８ＫＤＸ六本木２２８ビル
日本,ﾌｧﾐﾘｰﾏｰﾄ羽田四丁目店,東京都大田区羽田四丁目４番２号
日本,ﾌｧﾐﾘｰﾏｰﾄ東陽四丁目店,東京都江東区東陽４－６－１９
日本,ﾌｧﾐﾘｰﾏｰﾄ北区赤羽西四丁目店,東京都北区赤羽西四丁目２２－１４
日本,ﾌｧﾐﾘｰﾏｰﾄ江東有明店,東京都江東区有明一丁目１番１７号
日本,ﾌｧﾐﾘｰﾏｰﾄ南葛西ﾚｸ公園前店,東京都江戸川区南葛西三丁目２４番１６号
日本,ﾌｧﾐﾘｰﾏｰﾄ小岩ｻﾝﾛｰﾄﾞ店,東京都江戸川区南小岩八丁目１４番２２号
日本,ﾌｧﾐﾘｰﾏｰﾄ神田司町店,東京都千代田区神田司町二丁目２－１３
日本,ﾌｧﾐﾘｰﾏｰﾄ神田鍛冶町店,東京都千代田区鍛冶町１丁目７－４
日本,ﾌｧﾐﾘｰﾏｰﾄ飯田橋駅前店,東京都千代田区飯田橋四丁目８番１３号
日本,ﾌｧﾐﾘｰﾏｰﾄ八重洲さくら通り店,東京都中央区日本橋２－３－１８
日本,ﾌｧﾐﾘｰﾏｰﾄ茗荷谷店,東京都文京区小日向４－５－１０
日本,ﾌｧﾐﾘｰﾏｰﾄ六義園店,東京都文京区本駒込６－１５－２０
日本,ｻﾝｸｽ北青山二丁目店,東京都港区北青山二丁目７番２６号 メゾン青山１Ｆ
日本,ﾌｧﾐﾘｰﾏｰﾄ恵比寿西口店,東京都渋谷区恵比寿西１－４－４ 恵比寿Ｓ２ビル
日本,ﾌｧﾐﾘｰﾏｰﾄ渋谷NHK前店,東京都渋谷区神山町６－４ ラビアンヌビル１階
日本,ﾌｧﾐﾘｰﾏｰﾄ世田谷玉堤店,東京都世田谷区玉堤一丁目１４番１９号
日本,ﾌｧﾐﾘｰﾏｰﾄ台東池之端店,東京都台東区池之端二丁目１番４２
日本,ﾌｧﾐﾘｰﾏｰﾄ台東雷門二丁目店,東京都台東区雷門２丁目１８－１７
日本,ﾌｧﾐﾘｰﾏｰﾄ世田谷新町三丁目店,東京都世田谷区新町３－２２－１
日本,ﾌｧﾐﾘｰﾏｰﾄ祖師ヶ谷大蔵駅西店,東京都世田谷区祖師谷３丁目３２－５
日本,ﾌｧﾐﾘｰﾏｰﾄ品川平塚店,東京都品川区平塚二丁目３－１１
日本,ﾌｧﾐﾘｰﾏｰﾄ三ノ輪店,東京都台東区三ノ輪１－２８－１５
日本,ﾌｧﾐﾘｰﾏｰﾄ千歳烏山駅西店,東京都世田谷区南烏山６丁目６番６号
日本,ﾌｧﾐﾘｰﾏｰﾄﾎﾟｰﾄｽﾄｱ城南島店,東京都大田区城南島２－９－１
日本,ﾌｧﾐﾘｰﾏｰﾄ大田大森南二丁目店,東京都大田区大森南二丁目５番５号
日本,ﾌｧﾐﾘｰﾏｰﾄ北区浮間三丁目店,東京都北区浮間三丁目８
日本,ﾌｧﾐﾘｰﾏｰﾄ駒込駅北店,東京都豊島区駒込二丁目３－１
日本,ﾌｧﾐﾘｰﾏｰﾄ中池袋公園北店,東京都豊島区東池袋１－１７－３
日本,ﾌｧﾐﾘｰﾏｰﾄ練馬平和台二丁目店,東京都練馬区平和台２丁目４７番４号
日本,ﾌｧﾐﾘｰﾏｰﾄ板橋赤塚新町三丁目店,東京都板橋区赤塚新町三丁目１３番１０号
日本,ﾌｧﾐﾘｰﾏｰﾄ練馬高松五丁目北店,東京都練馬区高松五丁目２１番５号
日本,ﾌｧﾐﾘｰﾏｰﾄ練馬富士見台店,東京都練馬区富士見台三丁目５５番１７号
日本,ﾌｧﾐﾘｰﾏｰﾄ四谷一丁目店,東京都新宿区四谷一丁目１番
日本,ﾌｧﾐﾘｰﾏｰﾄ中野郵便局西店,東京都中野区中野二丁目２９－１６
日本,ﾌｧﾐﾘｰﾏｰﾄ大田洗足池店,東京都大田区上池台二丁目３１番１１号
日本,ﾌｧﾐﾘｰﾏｰﾄ大田梅屋敷駅前店,東京都大田区蒲田二丁目７－１９
日本,ﾌｧﾐﾘｰﾏｰﾄ板橋帝京大学店,東京都板橋区加賀２丁目１１－１ 帝京大学 大学棟本館内１Ｆ
日本,ﾌｧﾐﾘｰﾏｰﾄ西新宿五丁目店,東京都新宿区西新宿五丁目１０番１４号小野木ビル・西新宿
日本,ﾌｧﾐﾘｰﾏｰﾄ上野中通り店,東京都台東区上野四丁目２番４号
日本,ﾌｧﾐﾘｰﾏｰﾄ浜松町駅南店,東京都港区浜松町二丁目９番３号
日本,ﾌｧﾐﾘｰﾏｰﾄ江東門前仲町店,東京都江東区門前仲町１－８－１１
日本,ﾌｧﾐﾘｰﾏｰﾄ北葛西ぼうしば通り店,東京都江戸川区北葛西二丁目４番９号
日本,ﾌｧﾐﾘｰﾏｰﾄ江東塩浜二丁目店,東京都江東区塩浜二丁目１４番１号
日本,ﾌｧﾐﾘｰﾏｰﾄ外神田三丁目東店,東京都千代田区外神田三丁目１４番地３号
日本,ﾌｧﾐﾘｰﾏｰﾄ大田西六郷一丁目店,東京都大田区西六郷一丁目３０番４号
日本,ﾌｧﾐﾘｰﾏｰﾄﾌﾚｯｻｲﾝ新橋店,東京都港区新橋一丁目１４番３号
日本,ﾌｧﾐﾘｰﾏｰﾄ文京小石川一丁目店,東京都文京区小石川一丁目１３番１１号
日本,ﾌｧﾐﾘｰﾏｰﾄﾎﾟｰﾄｽﾄｱ若洲店,東京都江東区若洲一丁目１番４号
日本,ﾌｧﾐﾘｰﾏｰﾄ神田万世橋店,東京都千代田区神田須田町一丁目２５番地
日本,ﾌｧﾐﾘｰﾏｰﾄ西荻北三丁目店,東京都杉並区西荻北三丁目２１番８号 ルフォンリブレ西荻窪１Ｆ
日本,ﾌｧﾐﾘｰﾏｰﾄ保谷駅南口店,東京都練馬区南大泉三丁目３１番２５号
日本,ﾌｧﾐﾘｰﾏｰﾄ青砥駅前店,東京都葛飾区青戸三丁目３９番１５号
日本,ﾌｧﾐﾘｰﾏｰﾄ特許庁前店,東京都港区赤坂一丁目３－９
日本,ﾌｧﾐﾘｰﾏｰﾄ西新宿七丁目店,東京都新宿区西新宿七丁目２番６号 西新宿Ｋ－１ビル
日本,ﾌｧﾐﾘｰﾏｰﾄ北区豊島八丁目店,東京都北区豊島八丁目１５番２１号
日本,ﾌｧﾐﾘｰﾏｰﾄ西巣鴨三丁目店,東京都豊島区西巣鴨三丁目１５番
日本,ﾌｧﾐﾘｰﾏｰﾄ新宿大久保一丁目店,東京都新宿区大久保一丁目３番１５号
日本,ﾌｧﾐﾘｰﾏｰﾄ四谷三丁目交差点東店,東京都新宿区四谷３－５－５
日本,ﾌｧﾐﾘｰﾏｰﾄ銀座昭和通り店,東京都中央区銀座八丁目１５番２
日本,ﾌｧﾐﾘｰﾏｰﾄ白山五丁目店,東京都文京区白山五丁目３３番１３号
日本,ﾌｧﾐﾘｰﾏｰﾄ第三葛西小前店,東京都江戸川区北葛西四丁目１３番５号
日本,ﾌｧﾐﾘｰﾏｰﾄ日比谷ｾﾝﾄﾗﾙ店,東京都港区西新橋一丁目２番９号 日比谷セントラルビル地下１Ｆ
日本,ﾌｧﾐﾘｰﾏｰﾄ大森東産業道路店,東京都大田区大森東二丁目９番１２号 スカイレジデンス大森東１階
日本,ﾌｧﾐﾘｰﾏｰﾄ品川荏原二丁目店,東京都品川区荏原二丁目３番地７号
日本,ﾌｧﾐﾘｰﾏｰﾄ足立東綾瀬公園店,東京都足立区東綾瀬三丁目３－１３
日本,ﾌｧﾐﾘｰﾏｰﾄ中央八重洲二丁目店,東京都中央区八重洲二丁目１０番１０号
日本,ﾌｧﾐﾘｰﾏｰﾄ池上文化ｾﾝﾀｰ前店,東京都大田区池上四丁目２２番１１号
日本,ﾌｧﾐﾘｰﾏｰﾄ江東東陽三丁目店,東京都江東区東陽三丁目３番５号
日本,ﾌｧﾐﾘｰﾏｰﾄ江戸川中央店,東京都江戸川区中央四丁目７－１
日本,ﾌｧﾐﾘｰﾏｰﾄ秋葉原ﾗｼﾞｵ会館店,東京都千代田区外神田一丁目１５番１６号
日本,ﾌｧﾐﾘｰﾏｰﾄ中目黒駅西口店,東京都目黒区上目黒３丁目６－３桧山ビル１Ｆ
日本,ﾌｧﾐﾘｰﾏｰﾄ恵比寿駅前店,東京都渋谷区恵比寿一丁目１０番５号
日本,ﾌｧﾐﾘｰﾏｰﾄﾘﾊﾞｰｹﾞｰﾄ箱崎店,東京都中央区日本橋箱崎町３６番２号
日本,ﾌｧﾐﾘｰﾏｰﾄ池袋東口明治通り店,東京都豊島区南池袋一丁目１９番６号 オリックス池袋ビル
日本,ﾌｧﾐﾘｰﾏｰﾄ台東柳橋一丁目店,東京都台東区柳橋一丁目３番１０号
日本,ﾌｧﾐﾘｰﾏｰﾄ神楽坂一丁目店,東京都新宿区神楽坂一丁目１番地
日本,ﾌｧﾐﾘｰﾏｰﾄ豊洲ｽｶｲｽﾞ店,東京都江東区豊洲六丁目２番３１号
日本,ﾌｧﾐﾘｰﾏｰﾄ目白駅西店,東京都豊島区目白三丁目１４番８号 つるやビル
日本,ﾌｧﾐﾘｰﾏｰﾄ練馬中村橋店,東京都練馬区向山一丁目１３番３
日本,ﾌｧﾐﾘｰﾏｰﾄ江戸川西葛西五丁目店,東京都江戸川区西葛西五丁目２番９号
日本,ﾌｧﾐﾘｰﾏｰﾄ江戸川西葛西六丁目店,東京都江戸川区西葛西６丁目１３番１２号
日本,ﾌｧﾐﾘｰﾏｰﾄ世田谷瀬田四丁目店,東京都世田谷区瀬田四丁目１番１号
日本,ﾌｧﾐﾘｰﾏｰﾄ初台交差点前店,東京都渋谷区代々木４－３３－１０トーシンビル１Ｆ
日本,ﾌｧﾐﾘｰﾏｰﾄ南池袋二丁目店,東京都豊島区南池袋二丁目１２番５号 英ビル
日本,ﾌｧﾐﾘｰﾏｰﾄ仲御徒町店,東京都台東区上野５－２４－１１
日本,ﾌｧﾐﾘｰﾏｰﾄ練馬氷川台店,東京都練馬区氷川台四丁目４９番４号
日本,ﾌｧﾐﾘｰﾏｰﾄ大田北糀谷一丁目店,東京都大田区北糀谷１丁目５番２０号
日本,ﾌｧﾐﾘｰﾏｰﾄ墨田江東橋四丁目店,東京都墨田区江東橋四丁目１９番１号
日本,ﾌｧﾐﾘｰﾏｰﾄ板橋駅桜通り店,東京都北区滝野川七丁目７番１３号シティパレスアライビル１階
日本,ﾌｧﾐﾘｰﾏｰﾄ浅草橋三丁目店,東京都台東区浅草橋三丁目１番９号 浅草橋金子ビル１Ｆ
日本,ﾌｧﾐﾘｰﾏｰﾄ上野六丁目南店,東京都台東区上野六丁目７番２号
日本,ﾌｧﾐﾘｰﾏｰﾄ墨田両国東口店,東京都墨田区両国四丁目３７番１０号レジデンス両国駅前
日本,ﾌｧﾐﾘｰﾏｰﾄ堀留町二丁目店,東京都中央区日本橋堀留町２丁目１０番１２号
日本,ﾌｧﾐﾘｰﾏｰﾄ永田町店,東京都千代田区永田町二丁目１４番２号
日本,ﾌｧﾐﾘｰﾏｰﾄ豊洲五丁目店,東京都江東区豊洲五丁目２番１０号 沢真ビル
日本,ﾌｧﾐﾘｰﾏｰﾄ足立五反野駅前店,東京都足立区足立三丁目３３番２
日本,ﾌｧﾐﾘｰﾏｰﾄ新整備場駅前店,東京都大田区羽田空港三丁目５番１０号
日本,ﾌｧﾐﾘｰﾏｰﾄ晴海二丁目店,東京都中央区晴海二丁目３番２号 ティアロレジデンス２Ｆ
日本,ﾌｧﾐﾘｰﾏｰﾄ新橋日比谷通り店,東京都港区新橋五丁目２番１０号
日本,ﾌｧﾐﾘｰﾏｰﾄ宝町駅前店,東京都中央区京橋三丁目１２番１号
日本,ﾌｧﾐﾘｰﾏｰﾄ横浜東高校前店,神奈川県横浜市鶴見区東寺尾１丁目２６番１１
日本,ﾌｧﾐﾘｰﾏｰﾄ横浜今井町店,神奈川県横浜市保土ケ谷区今井町１５９
日本,ﾌｧﾐﾘｰﾏｰﾄ港南下永谷六丁目店,神奈川県横浜市港南区下永谷六丁目２番８号
日本,ﾌｧﾐﾘｰﾏｰﾄ横浜折本町店,神奈川県横浜市都筑区折本町３２８番地３
日本,ﾌｧﾐﾘｰﾏｰﾄ相模原麻溝小前店,神奈川県相模原市南区当麻１３６４番１
日本,ﾌｧﾐﾘｰﾏｰﾄ横須賀金谷店,神奈川県横須賀市金谷３－１－５
日本,ﾌｧﾐﾘｰﾏｰﾄ川崎浜町二丁目店,神奈川県川崎市川崎区浜町２－１５－４
日本,ﾌｧﾐﾘｰﾏｰﾄ鶴見寛政町店,神奈川県横浜市鶴見区寛政町２３－５
日本,ﾌｧﾐﾘｰﾏｰﾄ鶴見東口店,神奈川県横浜市鶴見区鶴見中央４丁目３２番地１号
日本,ﾌｧﾐﾘｰﾏｰﾄ鶴見西口店,神奈川県横浜市鶴見区豊岡町８－２０
日本,ﾌｧﾐﾘｰﾏｰﾄ川崎塩浜店,神奈川県川崎市川崎区塩浜１丁目８番６
日本,ﾌｧﾐﾘｰﾏｰﾄ横浜栄町店,神奈川県横浜市神奈川区栄町２－１
日本,ﾌｧﾐﾘｰﾏｰﾄ白幡店,神奈川県横浜市神奈川区白幡町６－１
日本,ﾌｧﾐﾘｰﾏｰﾄ川崎中瀬店,神奈川県川崎市川崎区中瀬３丁目２－１６
日本,ﾌｧﾐﾘｰﾏｰﾄ横浜狩場町店,神奈川県横浜市保土ケ谷区狩場町１００番地３
日本,ﾌｧﾐﾘｰﾏｰﾄ武蔵新城店,神奈川県川崎市中原区上新城２丁目６番５号
日本,ﾌｧﾐﾘｰﾏｰﾄ港北新吉田店,神奈川県横浜市港北区新吉田東８丁目１２－３
日本,ﾌｧﾐﾘｰﾏｰﾄ武蔵新城南口店,神奈川県川崎市中原区新城１－２－２４
日本,ﾌｧﾐﾘｰﾏｰﾄ港北太尾町店,神奈川県横浜市港北区大倉山四丁目１５番３０号
日本,ﾌｧﾐﾘｰﾏｰﾄ都筑北山田店,神奈川県横浜市都筑区北山田２－１－１
日本,ﾌｧﾐﾘｰﾏｰﾄ川崎高津千年店,神奈川県川崎市高津区千年４１－１
日本,ﾌｧﾐﾘｰﾏｰﾄ川崎元住吉店,神奈川県川崎市中原区木月１丁目３２番１ 青木ビル１階
日本,ﾌｧﾐﾘｰﾏｰﾄ川崎第三京浜入口店,神奈川県川崎市高津区末長４丁目９番１１号
日本,ﾌｧﾐﾘｰﾏｰﾄ宮崎一丁目店,神奈川県川崎市宮前区宮崎一丁目８番地１１
日本,ﾌｧﾐﾘｰﾏｰﾄ宮崎台駅前店,神奈川県川崎市宮前区宮崎二丁目８番地２９
日本,ﾌｧﾐﾘｰﾏｰﾄ田園都市鷺沼店,神奈川県川崎市宮前区土橋３－４－１
日本,ﾌｧﾐﾘｰﾏｰﾄ横浜石川町店,神奈川県横浜市中区石川町５－２１１－１
日本,ﾌｧﾐﾘｰﾏｰﾄ相模原淵野辺本町店,神奈川県相模原市中央区淵野辺本町三丁目７番１６号
日本,ﾌｧﾐﾘｰﾏｰﾄ小田急相模原南口店,神奈川県相模原市南区松ヶ枝町２５－１６
日本,ﾌｧﾐﾘｰﾏｰﾄ横浜神大寺四丁目店,神奈川県横浜市神奈川区神大寺４丁目８－２
日本,ﾌｧﾐﾘｰﾏｰﾄ横浜ｺｯﾄﾝﾊｰﾊﾞｰ店,神奈川県横浜市神奈川区星野町１０番
日本,ﾌｧﾐﾘｰﾏｰﾄ横浜沢渡店,神奈川県横浜市神奈川区沢渡２番地２
日本,ﾌｧﾐﾘｰﾏｰﾄ鶴屋町店,神奈川県横浜市神奈川区鶴屋町１－２－４
日本,ﾌｧﾐﾘｰﾏｰﾄ神大入口店,神奈川県横浜市神奈川区六角橋二丁目４番１９号
日本,ﾌｧﾐﾘｰﾏｰﾄﾖｺﾊﾏMM21店,神奈川県横浜市西区みなとみらい４
日本,ﾌｧﾐﾘｰﾏｰﾄ横浜ｽﾀｼﾞｱﾑ前店,神奈川県横浜市中区常盤町１－１
日本,ﾌｧﾐﾘｰﾏｰﾄ横浜吉野町駅前店,神奈川県横浜市南区吉野町３－１６
日本,ﾌｧﾐﾘｰﾏｰﾄ横浜吉野町店,神奈川県横浜市南区吉野町５丁目２７番地（ＴＫ５２７ビル１Ｆ）
日本,ﾌｧﾐﾘｰﾏｰﾄ横浜蒔田店,神奈川県横浜市南区蒔田町字谷戸田９５３番地５
日本,ﾌｧﾐﾘｰﾏｰﾄ横浜権太坂店,神奈川県横浜市保土ケ谷区権太坂３丁目２０－４３
日本,ﾌｧﾐﾘｰﾏｰﾄ岡村店,神奈川県横浜市磯子区岡村１－７－１
日本,ﾌｧﾐﾘｰﾏｰﾄ小浦杉田駅前店,神奈川県横浜市磯子区杉田２－１－１
日本,ﾌｧﾐﾘｰﾏｰﾄ平潟店,神奈川県横浜市金沢区平潟町２３－２２
日本,ﾌｧﾐﾘｰﾏｰﾄ港南台八丁目店,神奈川県横浜市港南区港南台８－３５－１
日本,ﾌｧﾐﾘｰﾏｰﾄ上大岡店,神奈川県横浜市港南区上大岡西２－１－１９
日本,ﾌｧﾐﾘｰﾏｰﾄ希望ｹ丘店,神奈川県横浜市旭区中希望ケ丘１０２番地
日本,ﾌｧﾐﾘｰﾏｰﾄ横浜上飯田団地店,神奈川県横浜市泉区上飯田町１３３８番地１７
日本,ﾌｧﾐﾘｰﾏｰﾄ青葉しらとり台店,神奈川県横浜市青葉区しらとり台１－１
日本,ﾌｧﾐﾘｰﾏｰﾄ新石川246店,神奈川県横浜市青葉区荏田町１３４－１
日本,ﾌｧﾐﾘｰﾏｰﾄ市が尾駅前店,神奈川県横浜市青葉区市ケ尾町１０６３－１０
日本,ﾌｧﾐﾘｰﾏｰﾄ青葉若草台店,神奈川県横浜市青葉区若草台１８番地１
日本,ﾌｧﾐﾘｰﾏｰﾄ都筑梅田橋店,神奈川県横浜市都筑区池辺町３６９９番地１
日本,ﾌｧﾐﾘｰﾏｰﾄ川崎下作延店,神奈川県川崎市高津区下作延３丁目１４番３３号
日本,ﾌｧﾐﾘｰﾏｰﾄ川崎多摩病院前店,神奈川県川崎市多摩区宿河原１－１－４０
日本,ﾌｧﾐﾘｰﾏｰﾄ川崎鷺沼店,神奈川県川崎市宮前区鷺沼二丁目６番地４
日本,ﾌｧﾐﾘｰﾏｰﾄ相模原大野台六丁目店,神奈川県相模原市南区大野台六丁目２１番１２号
日本,ﾌｧﾐﾘｰﾏｰﾄ横浜万国橋店,神奈川県横浜市中区海岸通五丁目２５番地２－１１号
日本,ﾌｧﾐﾘｰﾏｰﾄ川崎田町店,神奈川県川崎市川崎区田町一丁目３－１２
日本,ﾌｧﾐﾘｰﾏｰﾄ横浜菊名店,神奈川県横浜市港北区菊名６－１２－１２
日本,ﾌｧﾐﾘｰﾏｰﾄｱｽﾛｰﾄﾞ横浜生麦店,神奈川県横浜市鶴見区生麦４－９－１８
日本,ﾌｧﾐﾘｰﾏｰﾄ今井南町店,神奈川県川崎市中原区今井南町２７－１５
日本,ﾌｧﾐﾘｰﾏｰﾄ横浜洋光台店,神奈川県横浜市磯子区洋光台二丁目１６番１６号
日本,ﾌｧﾐﾘｰﾏｰﾄ横浜公田町店,神奈川県横浜市栄区公田町１６３８番地４８
日本,ﾌｧﾐﾘｰﾏｰﾄ相模原相生店,神奈川県相模原市中央区相生１丁目１０－８
日本,ﾌｧﾐﾘｰﾏｰﾄ相模原古淵店,神奈川県相模原市南区古淵２丁目３－２
日本,ﾌｧﾐﾘｰﾏｰﾄ久里浜二丁目店,神奈川県横須賀市久里浜２－２４－６
日本,ﾌｧﾐﾘｰﾏｰﾄ久里浜港前店,神奈川県横須賀市久里浜８－１７－４
日本,ﾌｧﾐﾘｰﾏｰﾄ追浜本町店,神奈川県横須賀市追浜本町一丁目１０６番地
日本,ﾌｧﾐﾘｰﾏｰﾄ緑つくし野店,神奈川県横浜市緑区長津田町４２３２－１
日本,ﾌｧﾐﾘｰﾏｰﾄ横浜鶴見元宮店,神奈川県横浜市鶴見区元宮２丁目１番７０号
日本,ﾌｧﾐﾘｰﾏｰﾄ川崎大師駅前店,神奈川県川崎市川崎区大師駅前１－５－５
日本,ﾌｧﾐﾘｰﾏｰﾄ川崎大島五丁目店,神奈川県川崎市川崎区大島五丁目３１－１０
日本,ﾌｧﾐﾘｰﾏｰﾄ横浜鶴見豊岡店,神奈川県横浜市鶴見区豊岡町１７―１０
日本,ﾌｧﾐﾘｰﾏｰﾄ川崎高津駅前店,神奈川県川崎市高津区二子４丁目１－６
日本,ﾌｧﾐﾘｰﾏｰﾄ横浜下田町五丁目店,神奈川県横浜市港北区下田町五丁目１番６号
日本,ﾌｧﾐﾘｰﾏｰﾄminiﾋﾟｱｺﾞ川崎宮前平店,神奈川県川崎市宮前区宮前平３－１１－２３
日本,ﾌｧﾐﾘｰﾏｰﾄ川崎宮前南平台店,神奈川県川崎市宮前区南平台１８－１３
日本,ﾌｧﾐﾘｰﾏｰﾄ川崎南野川店,神奈川県川崎市宮前区野川４０５０番地３
日本,ﾌｧﾐﾘｰﾏｰﾄ川崎有馬店,神奈川県川崎市宮前区有馬一丁目２２番９号
日本,ﾌｧﾐﾘｰﾏｰﾄ横浜青葉新石川店,神奈川県横浜市青葉区新石川１丁目２６番５
日本,ﾌｧﾐﾘｰﾏｰﾄ横浜青葉台駅前店,神奈川県横浜市青葉区青葉台２－９－１８
日本,ﾌｧﾐﾘｰﾏｰﾄ矢向店,神奈川県横浜市鶴見区矢向５－７－３０
日本,ﾌｧﾐﾘｰﾏｰﾄ港北大倉山店,神奈川県横浜市港北区大倉山六丁目２９番２１号
日本,ﾌｧﾐﾘｰﾏｰﾄ横浜戸塚小前店,神奈川県横浜市戸塚区戸塚町１４５
日本,ﾌｧﾐﾘｰﾏｰﾄ相模原鹿沼台二丁目店,神奈川県相模原市中央区鹿沼台２丁目１２番９号淵野辺南口駅前ビル
日本,ﾌｧﾐﾘｰﾏｰﾄ相模原上溝店,神奈川県相模原市中央区上溝１６７６番地１
日本,ﾌｧﾐﾘｰﾏｰﾄ横須賀若松町店,神奈川県横須賀市若松町１－２１－１０
日本,ﾌｧﾐﾘｰﾏｰﾄ相模原鵜野森店,神奈川県相模原市南区鵜野森３丁目７－１３
日本,ﾌｧﾐﾘｰﾏｰﾄ向ヶ丘遊園北口店,神奈川県川崎市多摩区登戸２０１０－２
日本,ﾌｧﾐﾘｰﾏｰﾄ川崎麻生片平店,神奈川県川崎市麻生区片平２丁目２５番１０号
日本,ﾌｧﾐﾘｰﾏｰﾄ相模原麻溝公園前店,神奈川県相模原市南区麻溝台７丁目２番２２号
日本,ﾌｧﾐﾘｰﾏｰﾄ上大岡駅前店,神奈川県横浜市港南区上大岡西一丁目１６番２５号上大岡ファースト
日本,ﾌｧﾐﾘｰﾏｰﾄ横浜町田ﾏﾙﾊﾝ店-1,神奈川県横浜市瀬谷区目黒町３３番５
日本,ﾌｧﾐﾘｰﾏｰﾄ横浜町田ﾏﾙﾊﾝ店-2,神奈川県横浜市瀬谷区目黒町３３番５
日本,ﾌｧﾐﾘｰﾏｰﾄ相模原横山台店,神奈川県相模原市中央区横山台一丁目２９番１０号
日本,ﾌｧﾐﾘｰﾏｰﾄ横浜神之木町店,神奈川県横浜市神奈川区神之木町２－４４
日本,ﾌｧﾐﾘｰﾏｰﾄ横浜元町店,神奈川県横浜市中区石川町一丁目１
日本,ﾌｧﾐﾘｰﾏｰﾄ金沢幸浦一丁目店,神奈川県横浜市金沢区幸浦一丁目１２－１
日本,ﾌｧﾐﾘｰﾏｰﾄ川崎川中島二丁目店,神奈川県川崎市川崎区川中島二丁目６番１２号
日本,ﾌｧﾐﾘｰﾏｰﾄ井土ヶ谷駅前店,神奈川県横浜市南区井土ケ谷中町１６１
日本,ﾌｧﾐﾘｰﾏｰﾄ横浜中川中央店,神奈川県横浜市都筑区中川中央一丁目２９番３６号
日本,ﾌｧﾐﾘｰﾏｰﾄ川崎大師駅前二丁目店,神奈川県川崎市川崎区大師駅前二丁目１１番１３
日本,ﾌｧﾐﾘｰﾏｰﾄ横浜駒岡三丁目店,神奈川県横浜市鶴見区駒岡三丁目１８－１０
日本,ﾌｧﾐﾘｰﾏｰﾄ横浜西寺尾一丁目店,神奈川県横浜市神奈川区西寺尾一丁目１８－２
日本,ﾌｧﾐﾘｰﾏｰﾄ横浜千歳橋店,神奈川県横浜市南区高砂町一丁目１４番
日本,ﾌｧﾐﾘｰﾏｰﾄ横浜駒岡二丁目店,神奈川県横浜市鶴見区駒岡二丁目８番３０号
日本,ﾌｧﾐﾘｰﾏｰﾄ川崎中丸子店,神奈川県川崎市中原区中丸子５４９番１
日本,ﾌｧﾐﾘｰﾏｰﾄ相模原上鶴間店,神奈川県相模原市南区上鶴間3丁目2-12
日本,ﾌｧﾐﾘｰﾏｰﾄ横浜鶴見小野店,神奈川県横浜市鶴見区下野谷町四丁目１５４番地３２
日本,ﾌｧﾐﾘｰﾏｰﾄ横浜子安通三丁目店,神奈川県横浜市神奈川区子安通三丁目２９８番地１
日本,ﾌｧﾐﾘｰﾏｰﾄ横浜都筑池辺町店,神奈川県横浜市都筑区池辺町４３３７番地
日本,ﾌｧﾐﾘｰﾏｰﾄ横浜上白根店,神奈川県横浜市旭区上白根二丁目４番１２号
日本,ﾌｧﾐﾘｰﾏｰﾄ相模原淵野辺四丁目店,神奈川県相模原市中央区淵野辺四丁目１７番１４号
日本,ﾌｧﾐﾘｰﾏｰﾄ横須賀平作店,神奈川県横須賀市平作１丁目２番１号
日本,ﾌｧﾐﾘｰﾏｰﾄ相模原ﾏﾙﾊﾝ店,神奈川県相模原市中央区田名３４４９番１
日本,ﾌｧﾐﾘｰﾏｰﾄ川崎南幸町店,神奈川県川崎市幸区南幸町一丁目７番地５
日本,ﾌｧﾐﾘｰﾏｰﾄ川崎東門前店,神奈川県川崎市川崎区東門前三丁目９７番地２
日本,ﾌｧﾐﾘｰﾏｰﾄ東扇島17番地店,神奈川県川崎市川崎区東扇島１７番地６
日本,ﾌｧﾐﾘｰﾏｰﾄ横浜大桟橋通り店,神奈川県横浜市中区山下町２２３番地１ ＮＵ関内ビル
日本,ﾌｧﾐﾘｰﾏｰﾄｾﾝﾀｰ北店,神奈川県横浜市都筑区中川中央１丁目１番１号
日本,ﾌｧﾐﾘｰﾏｰﾄ横浜星川駅前店,神奈川県横浜市保土ケ谷区星川二丁目４－１星川ＳＦビル１Ｆ
日本,ﾌｧﾐﾘｰﾏｰﾄ札幌宮の森3条店,北海道札幌市中央区宮の森 三条６丁目２－８
日本,ﾌｧﾐﾘｰﾏｰﾄ札幌南24条西14丁目店,北海道札幌市中央区南２４条西１４丁目３番１７号
日本,ﾌｧﾐﾘｰﾏｰﾄ札幌大通西7丁目店,北海道札幌市中央区大通西７丁目３－１
日本,ﾌｧﾐﾘｰﾏｰﾄ札幌南2条西7丁目店,北海道札幌市中央区南２条西７丁目２番地
日本,ﾌｧﾐﾘｰﾏｰﾄ札幌南6条西5丁目店,北海道札幌市中央区南６条西５丁目１３－１
日本,ﾌｧﾐﾘｰﾏｰﾄ札幌南4条東2丁目店,北海道札幌市中央区南４条東２丁目１８番地１
日本,ﾌｧﾐﾘｰﾏｰﾄ札幌平岸3条店,北海道札幌市豊平区平岸３条４－８－１
日本,ﾌｧﾐﾘｰﾏｰﾄ北海学園前店,北海道札幌市豊平区豊平７条７丁目３番２６号
日本,ﾌｧﾐﾘｰﾏｰﾄ札幌西岡3条店,北海道札幌市豊平区西岡３条１－４－１
日本,ﾌｧﾐﾘｰﾏｰﾄ本郷通店,北海道札幌市白石区本郷通１０丁目北２番２８号
日本,ﾌｧﾐﾘｰﾏｰﾄ北海道大学前店,北海道札幌市北区北１１条西４丁目２番１５号
日本,ﾌｧﾐﾘｰﾏｰﾄ札幌北32条西4丁目店,北海道札幌市北区北３２条西４丁目３－２５
日本,ﾌｧﾐﾘｰﾏｰﾄ札幌麻生4丁目店,北海道札幌市北区麻生町４－１２－５
日本,ﾌｧﾐﾘｰﾏｰﾄ札幌新琴似2条店,北海道札幌市北区新琴似２条１１丁目１番１０号
日本,ﾌｧﾐﾘｰﾏｰﾄ札幌月寒東3条17丁目店,北海道札幌市豊平区月寒東３条１７丁目１番１号
日本,ﾌｧﾐﾘｰﾏｰﾄ小樽稲穂2丁目店,北海道小樽市稲穂２－１８－１
日本,ﾌｧﾐﾘｰﾏｰﾄ五稜郭公園電停前店,北海道函館市本町２６番１７号
日本,ﾌｧﾐﾘｰﾏｰﾄ函館港町店,北海道函館市港町３丁目２番５号
日本,ﾌｧﾐﾘｰﾏｰﾄ札幌国際ﾋﾞﾙ店,北海道札幌市中央区北４条西４丁目１番地
日本,ﾌｧﾐﾘｰﾏｰﾄ札幌狸小路1丁目店,北海道札幌市中央区南２条西１丁目５－１
日本,ﾌｧﾐﾘｰﾏｰﾄ札幌北9条西2丁目店,北海道札幌市北区北九条西二丁目２１番地１
日本,ﾌｧﾐﾘｰﾏｰﾄ札幌平岸4条店,北海道札幌市豊平区平岸４条７丁目１２番１４号
日本,ﾌｧﾐﾘｰﾏｰﾄ岩見沢4条西店,北海道岩見沢市４条西９丁目１２番地
日本,ﾌｧﾐﾘｰﾏｰﾄ岩見沢東2丁目店,北海道岩見沢市４条東２－１－５
日本,ﾌｧﾐﾘｰﾏｰﾄ岩見沢10条東店,北海道岩見沢市１０条東１丁目１－１
日本,ﾌｧﾐﾘｰﾏｰﾄ苫小牧若草町店,北海道苫小牧市若草町５丁目５番２号
日本,ﾌｧﾐﾘｰﾏｰﾄ苫小牧澄川町店,北海道苫小牧市澄川町５丁目１１番５号
日本,ﾌｧﾐﾘｰﾏｰﾄ中登別店,北海道登別市中登別町１７０番地
日本,ﾌｧﾐﾘｰﾏｰﾄ室蘭東町店,北海道室蘭市東町一丁目２９番４号
日本,ﾌｧﾐﾘｰﾏｰﾄ室蘭中島店,北海道室蘭市中島町１－１８－７
日本,ﾌｧﾐﾘｰﾏｰﾄ札幌屯田6条店,北海道札幌市北区屯田６条６丁目２番１８号
日本,ﾌｧﾐﾘｰﾏｰﾄ札幌新琴似1番通店,北海道札幌市北区新琴似二条二丁目１０番１０号
日本,ﾌｧﾐﾘｰﾏｰﾄ札幌北24条駅前店,北海道札幌市北区北二十四条西三丁目１番１２号
日本,ﾌｧﾐﾘｰﾏｰﾄ札幌北20条西5丁目店,北海道札幌市北区北二十条西５丁目１番３９号
日本,ﾌｧﾐﾘｰﾏｰﾄ札幌北22条西5丁目店,北海道札幌市北区北二十二条西五丁目１番１－３号
日本,ﾌｧﾐﾘｰﾏｰﾄ札幌豊平6条店,北海道札幌市豊平区豊平六条三丁目６番３０号
日本,ﾌｧﾐﾘｰﾏｰﾄ札幌東雁来6条店,北海道札幌市東区東雁来六条二丁目２番３０号
日本,ﾌｧﾐﾘｰﾏｰﾄ苫小牧日新5丁目店,北海道苫小牧市日新町五丁目３番３号
日本,ﾌｧﾐﾘｰﾏｰﾄ苫小牧美原店,北海道苫小牧市美原町２丁目２８番２８号
日本,ﾌｧﾐﾘｰﾏｰﾄ函館東雲店,北海道函館市東雲町１９番８号
日本,ﾌｧﾐﾘｰﾏｰﾄ札幌月寒東5条16丁目店,北海道札幌市豊平区月寒東五条十六丁目２番５号
日本,ﾌｧﾐﾘｰﾏｰﾄ札幌南2条西5丁目店,北海道札幌市中央区南二条西５丁目２６番地５
日本,ﾌｧﾐﾘｰﾏｰﾄｷﾗﾘｽ函館店,北海道函館市若松町２０番１号
日本,ｾｲｺｰﾏｰﾄ近代美術館西店,北海道札幌市中央区北1条西19丁目2番1
日本,ｾｲｺｰﾏｰﾄ植物園西店,北海道札幌市中央区北3条西12丁目2番7
日本,ｾｲｺｰﾏｰﾄ北13条西店,北海道札幌市北区北13条西3丁目2番15-101
日本,ｾｲｺｰﾏｰﾄ時計台前店,北海道札幌市中央区北1条西3丁目3番地
日本,ｾｲｺｰﾏｰﾄながい店,北海道札幌市中央区南11条西1丁目
日本,ｾｲｺｰﾏｰﾄたかせ店,北海道札幌市中央区南5条西4丁目新宿通り
日本,ｾｲｺｰﾏｰﾄ中央店,北海道札幌市中央区南1条西9丁目
日本,ｾｲｺｰﾏｰﾄ円山公園店,北海道札幌市中央区大通西26丁目1-3
日本,ｾｲｺｰﾏｰﾄ丘珠空港前店,北海道札幌市東区北37条東22丁目6番12号
日本,ｾｲｺｰﾏｰﾄ和商市場店,北海道釧路市黒金町13丁目25番地の5
日本,ｾｲｺｰﾏｰﾄ北海道大学店,北海道札幌市北区北11条西7丁目
日本,ｾｲｺｰﾏｰﾄ旭川ﾄｰﾖｰﾎﾃﾙ店,北海道旭川市7条通7丁目32番地12-1
日本,ｾｲｺｰﾏｰﾄ函館松風店,北海道函館市松風町12番1号
日本,ｾｲｺｰﾏｰﾄ旭川1条通店,北海道旭川市1条通8丁目右10号
日本,ｾｲｺｰﾏｰﾄ函館駅前店,北海道函館市若松町21番8号
日本,ｾｲｺｰﾏｰﾄﾆｾｺひらふ店,北海道虻田郡倶知安町字山田190番地
日本,ｾｲｺｰﾏｰﾄ函館五稜郭店,北海道函館市五稜郭町31番3号
日本,ｾｲｺｰﾏｰﾄ南1条西4丁目店,北海道札幌市中央区南1条西4丁目15-1
日本,ｾｲｺｰﾏｰﾄ南8条店,北海道札幌市中央区南8条西4丁目422番地5ｸﾞﾗﾝﾄﾞﾊﾟｰｸﾋﾞﾙ
日本,ｾｲｺｰﾏｰﾄ南9条店,北海道札幌市中央区南9条西5丁目421番地
日本,RZZﾎﾃﾙ安比ｸﾞﾗﾝﾄﾞ,岩手県八幡平市細野117番地1
日本,RZZ平泉ﾚｽﾄﾊｳｽ,岩手県西磐井郡平泉町平泉字坂下10-7
日本,Z01広島銀行八丁堀支店,広島県広島市中区八丁堀16番11号日本生命広島第二ﾋﾞﾙ
日本,Z02四国銀行中央支店,高知県高知市帯屋町1-3-1
日本,R32北のｸﾞﾙﾒ,北海道札幌市中央区北11条西22丁目4-1
日本,R35富士通熊谷工場,埼玉県熊谷市中奈良1224
日本,R10三菱重工株式会社広島製作所観音工場,広島県広島市西区観音新町4-6-22
日本,S01nonowa東小金井,東京都小金井市梶野町五丁目1-1
日本,S01住ノ江駅,大阪府大阪市住之江区西住之江一丁目1番41号
日本,S01地下鉄博多駅,福岡県福岡市博多区博多駅中央街B1階
日本,S01りんくうﾀｳﾝ駅,大阪府泉佐野市りんくう往来北1番
日本,S01六甲ﾗｲﾅｰ住吉駅,兵庫県神戸市東灘区住吉本町一丁目2
日本,S01六甲ﾗｲﾅｰ魚崎駅,兵庫県神戸市東灘区魚崎西町四丁目
日本,S01ｽﾊﾟﾜｰﾙﾄﾞ,大阪府大阪市浪速区恵美須東3丁目4?24
日本,S01JR海老江駅,大阪府大阪市福島区海老江5丁目2
日本,S01JR北新地駅,大阪府大阪市北区梅田1丁目3
日本,S01東京ﾒﾄﾛ永田町駅,東京都千代田区永田町一丁目11-28
日本,S01ﾎﾟｰﾄﾗｲﾅｰ三宮駅,兵庫県神戸市中央区雲井通8丁目
日本,S01ｲｵﾝﾓｰﾙ東久留米,東京都東久留米市南沢5丁目17番62号
日本,S01新宿西口,東京都新宿区西新宿1-10-2
日本,S01地下鉄谷町六丁目駅北,大阪府大阪市中央区谷町6-9-1
日本,S01地下鉄谷町六丁目駅南,大阪府大阪市中央区谷町6-9-1
日本,S01地下鉄天満橋駅,大阪府大阪市中央区谷町1-2-5
日本,S01地下鉄天王寺駅,大阪府大阪市天王寺区茶臼山5-52
日本,S01地下鉄鶴橋駅,大阪府大阪市天王寺区下味原町1-24
日本,S01地下鉄京橋駅,大阪府大阪市都島区東野田町2-6-18
日本,S01西武秩父駅前温泉祭の湯出張所,埼玉県秩父市野坂町1-16-15
日本,S01中之島ﾌｪｽﾃｨﾊﾞﾙﾀﾜｰｳｴｽﾄ出張所,大阪府大阪市北区中之島3丁目2番
日本,S01ｴｽﾋﾞｨﾌﾟﾗｽ練馬東大泉店,東京都練馬区東大泉6-48-1
日本,K99富士通熊谷工場2号機,埼玉県熊谷市中奈良1224
日本,S01東京ﾒﾄﾛ人形町駅,東京都中央区日本橋人形町2-6-5
日本,S01南海電鉄春木駅出張所,大阪府岸和田市春木若松町14-6
日本,S10りそな銀行佐原出張所,神奈川県横須賀市佐原1丁目7番3号
日本,S01東京ｴｲﾃｨｴﾑ支店関空第2ﾀｰﾐﾅﾙﾋﾞﾙ出張所,大阪府泉南郡田尻町泉州空港中13番地
日本,S01東京ｴｲﾃｨｴﾑ支店ﾊﾟﾅｿﾆｯｸ福岡出張所,福岡県福岡市博多区美野島4丁目1番62号
日本,S01ﾌﾚｽｺ千里丘店,大阪府吹田市新芦屋上23-1ﾒｿﾞﾝ千里丘ｼｮｯﾋﾟﾝｸﾞｾﾝﾀｰ1F
日本,S01地下鉄蒲生4丁目駅,大阪府大阪市城東区今福西3丁目
日本,S01地下鉄日本橋,大阪府大阪市中央区日本橋1丁目5-12
日本,S01ﾊﾟﾅｿﾆｯｸ草津,滋賀県草津市野路東2丁目3番1-1号W20棟
日本,S01地下鉄谷町九丁目駅出張所,大阪府大阪市天王寺区生玉前町(東改札付近)
日本,K02新宿ｻﾌﾞﾅｰﾄﾞ,東京都新宿区歌舞伎町3丁目ｻﾌﾞﾅｰﾄﾞ1号
日本,K02海老名ﾋﾞﾅｶﾞｰﾃﾞﾝｽﾞ,神奈川県海老名市めぐみ町2-1
日本,K02ｱﾄﾚ秋葉原,東京都千代田区外神田1-17-6
日本,K02泉北高速鉄道泉ヶ丘駅出張所,大阪府堺市南区竹城台一丁1番1号
日本,K02東京ｴｲﾃｨｴﾑ支店ｸﾞﾗﾝﾌﾛﾝﾄ大阪北館出張所,大阪府大阪市北区大深町4番20号
日本,SR1東京ｴｲﾃｨｴﾑ支店JRさいたま新都心ﾋﾞﾙ出張所,埼玉県さいたま市中央区新都心11-1JRさいたま新都心ﾋﾞﾙ2F
日本,K02東京ｴｲﾃｨｴﾑ支店ららぽｰとTOKYO-BAY出張所,千葉県船橋市浜町2-1-1
日本,S02りそな銀行行徳出張所,千葉県市川市行徳駅前2-1-15
日本,りそな銀行渋谷支店,東京都渋谷区渋谷2丁目20番11号
日本,りそな銀行池袋支店,東京都豊島区南池袋1丁目21番5号
日本,りそな銀行第二野村ビル出張所,大阪府大阪市中央区備後町2丁目1番1号
日本,りそな銀行大塚支店,東京都豊島区南大塚2丁目41番3号
日本,りそな銀行上野支店,東京都台東区上野5丁目25番11号
日本,帯広空港,北海道帯広市泉町西9線中8番地41
日本,富山きときと空港,富山県富山市秋ヶ島30番地
日本,道の駅みそぎの郷きこない,北海道上磯郡木古内町字本町338-14
日本,イオン北谷,沖縄県北谷郡字美浜8-3
日本,狸小路4丁目,北海道札幌市中央区南3条西4丁目18
日本,ビックカメラ札幌店　1F,北海道札幌市中央区北5条西2丁目1
日本,日の出ビル　B2F,北海道札幌市中央区南1条西4丁目
日本,新千歳空港　国際線ターミナル　2F　到着ロビー,北海道千歳市美々
日本,沖縄銀行本店,沖縄県那覇市久茂地3丁目10-1
日本,フラノマルシェ,富良野市幸町13番1号
日本,新千歳空港　国内線ターミナル,北海道千歳市美々
日本,地下鉄さっぽろ駅,北海道札幌市中央区北4条西4丁目
日本,ニセコひらふ,北海道虻田郡倶知安町字山田
日本,77銀行　本店,宮城県仙台市青葉区中央3-5-7
日本,JR仙台駅　3F,宮城県仙台市青葉区中央1丁目
日本,仙台国際空港,宮城県名取市下増田字南原無番地
日本,杜せきのした駅,宮城県名取市杜せきのした5丁目34
日本,成田国際空港　第2ターミナル　1F　国際線到着ロビー,千葉県成田市古込字古込1-1
日本,成田国際空港　第1ターミナル　2F　国際線到着ロビー,千葉県成田市古込字古込1-1
日本,ＪＲ成田駅,千葉県成田市金崎町839
日本,横浜銀行　横浜駅前支店,神奈川県横浜市西区南幸1-3-2
日本,横浜銀行　鎌倉支店,神奈川県鎌倉市小町1-6-21
日本,横浜銀行　本店営業部,神奈川県横浜市西区みなとみらい3-1-1
日本,JR石川町駅,神奈川県横浜市中区石川町2丁目
日本,箱根湯本駅,神奈川県足柄下郡箱根町湯本白石下707-1
日本,西日本シティ銀行　大宰府支店,福岡県太宰府市宰府3-1-28
日本,西日本シティ銀行　大名支店,福岡県福岡市中央区天神2-5-28
日本,博多駅前,福岡県福岡市博多区博多駅前2-6-12
日本,永平寺町観光案内所,福井県吉田郡永平寺町志比27字20番1
香港,中國銀行(香港)有限公司,香港仔湖北街25號
香港,中國銀行(香港)有限公司,香港仔鴨脷洲利東商場第二期
香港,中國銀行(香港)有限公司,香港鴨脷洲惠風街13-15號
香港,中國銀行(香港)有限公司,香港鴨利洲鴨利洲橋路322號鴨利洲邨利澤樓地下12號舖
香港,中國銀行(香港)有限公司,香港鴨脷洲海怡廣場西翼G13號舖
香港,中國銀行(香港)有限公司,香港仔黃竹坑道125號葛量洪醫院主樓地下
香港,中國銀行(香港)有限公司,港鐵利東站ATM位置LETATM1
香港,中國銀行(香港)有限公司,港鐵海洋公園ATM位置OCP4-b
香港,中國銀行(香港)有限公司,港鐵黃竹坑站WCH6號舖
香港,中國銀行(香港)有限公司,香港仔石排灣商場低層一樓鄰近2號舖的公眾地方ATM位置
香港,中國銀行(香港)有限公司,香港仔田灣嘉禾街2-12號
香港,中國銀行(香港)有限公司,香港黃竹坑道40號
香港,中國銀行(香港)有限公司,香港金鐘夏愨道18號海富中心一樓F97號舖
香港,中國銀行(香港)有限公司,金鐘港鐵站
香港,中國銀行(香港)有限公司,香港金鐘道95號統一中心商場1021號
香港,中國銀行(香港)有限公司,銅鑼灣港鐵站﹝西﹞
香港,中國銀行(香港)有限公司,香港銅鑼灣渣甸街23號兆基商業中心地下
香港,中國銀行(香港)有限公司,銅鑼灣港鐵站(東)
香港,中國銀行(香港)有限公司,香港天后留仙街3號雅景樓地下A3號舖
香港,中國銀行(香港)有限公司,香港大坑勵德村6座地下(近住客大堂)
香港,中國銀行(香港)有限公司,香港銅鑼灣軒尼詩道505號
香港,中國銀行(香港)有限公司,香港銅鑼灣禮頓道33-35號第一商業大廈地下A及B舖
香港,中國銀行(香港)有限公司,香港銅鑼灣東院道19號東華東院主樓地下
香港,中國銀行(香港)有限公司,天后港鐵站
香港,中國銀行(香港)有限公司,香港銅鑼灣渣甸街23號兆基商業中心地下
香港,中國銀行(香港)有限公司,中環花園道1號一樓
香港,中國銀行(香港)有限公司,中環花園道1號三樓
香港,中國銀行(香港)有限公司,中環地鐵站
香港,中國銀行(香港)有限公司,港鐵香港站
香港,中國銀行(香港)有限公司,香港中環雲咸街1-3號
香港,中國銀行(香港)有限公司,待定
香港,中國銀行(香港)有限公司,新圍軍營(詳細地址後補)
香港,中國銀行(香港)有限公司,中環堅尼地道42號
香港,中國銀行(香港)有限公司,香港德輔道中71號
香港,中國銀行(香港)有限公司,香港德輔道中2號A
香港,中國銀行(香港)有限公司,中環干諾道中13-14號
香港,中國銀行(香港)有限公司,中環港鐵站
香港,中國銀行(香港)有限公司,中環軍營第10座
香港,中國銀行(香港)有限公司,中環德輔道中136號
香港,中國銀行(香港)有限公司,柴灣小西灣富怡花園商舖19號
香港,中國銀行(香港)有限公司,柴灣常安街77號
香港,中國銀行(香港)有限公司,柴灣柴灣道341-343號宏德居B座
香港,中國銀行(香港)有限公司,杏花邨東翼商場202B號
香港,中國銀行(香港)有限公司,柴灣利眾街29-31號
香港,中國銀行(香港)有限公司,香港柴灣翠灣邨翠灣商場地下2號ATM
香港,中國銀行(香港)有限公司,柴灣道341-343號宏德居B座
香港,中國銀行(香港)有限公司,杏花邨地鐵站
香港,中國銀行(香港)有限公司,柴灣地鐵站
香港,中國銀行(香港)有限公司,香港柴灣樂民道3號東區尤德夫人那打素醫院主樓地下
香港,中國銀行(香港)有限公司,跑馬地馬場-公眾席入口
香港,中國銀行(香港)有限公司,跑馬地景光街11號
香港,中國銀行(香港)有限公司,香港跑馬地馬場一樓會員席入口
香港,中國銀行(香港)有限公司,香港跑馬地成和道49-51A號
香港,中國銀行(香港)有限公司,香港司徒拔道40號港安醫院
香港,中國銀行(香港)有限公司,半山堅道57號
香港,中國銀行(香港)有限公司,半山般含道63號
香港,中國銀行(香港)有限公司,北角芵皇道131-133號
香港,中國銀行(香港)有限公司,香港北角渣華道188-194號僑華大廈B舖
香港,中國銀行(香港)有限公司,香港北角英皇道193-209號英皇中心地下7號及17號舖
香港,中國銀行(香港)有限公司,香港北角英皇道193-209號
香港,中國銀行(香港)有限公司,北角港鐵站
香港,中國銀行(香港)有限公司,炮台山港鐵站
香港,中國銀行(香港)有限公司,北角英皇道668號健康村二期1-2號
香港,中國銀行(香港)有限公司,北角英皇道480號地舖
香港,中國銀行(香港)有限公司,香港北角英皇道460-470號樂嘉中心地下5B及6號舖
香港,中國銀行(香港)有限公司,香港北角英皇道480號昌明洋樓地下B及C舖
香港,中國銀行(香港)有限公司,香港北角英皇道318-328號B1舖
香港,中國銀行(香港)有限公司,香港北角電氣道233號
香港,中國銀行(香港)有限公司,薄扶林置富南區廣場510號
香港,中國銀行(香港)有限公司,香港薄扶林華富道23號華富(一)商場地下22號舖
香港,中國銀行(香港)有限公司,香港薄扶林道102號瑪麗醫院(A翼)主樓地下
香港,中國銀行(香港)有限公司,香港太古城耀星閣G1012
香港,中國銀行(香港)有限公司,太古港鐵站
香港,中國銀行(香港)有限公司,鰂魚涌港鐵站(西)
香港,中國銀行(香港)有限公司,鰂魚涌港鐵站(東)
香港,中國銀行(香港)有限公司,香港鰂魚涌康山道2號康怡廣場南座二樓
香港,中國銀行(香港)有限公司,鰂魚涌太古城耀星閣P1023
香港,中國銀行(香港)有限公司,鰂魚涌英皇道1060號柏惠苑
香港,中國銀行(香港)有限公司,香港鰂魚涌英皇道1060號柏惠苑
香港,中國銀行(香港)有限公司,港鐵西營盤站SYPATM1
香港,中國銀行(香港)有限公司,西營盤干諾道西160號
香港,中國銀行(香港)有限公司,西營盤一街55號A
香港,中國銀行(香港)有限公司,中環德輔道西111-119號
香港,中國銀行(香港)有限公司,香港筲箕灣愛禮街2號愛蝶灣商舖40號
香港,中國銀行(香港)有限公司,筲箕灣筲箕灣道260-262號
香港,中國銀行(香港)有限公司,筲箕灣港鐵站
香港,中國銀行(香港)有限公司,香港筲箕灣金華街3號
香港,中國銀行(香港)有限公司,西灣河地鐵站
香港,中國銀行(香港)有限公司,筲箕灣耀東商場1樓ATMNo.1
香港,中國銀行(香港)有限公司,上環皇后大道西2-12號
香港,中國銀行(香港)有限公司,香港上環皇后大道西2-12號
香港,中國銀行(香港)有限公司,香港干諾道中200號信德中心二樓225號
香港,中國銀行(香港)有限公司,港鐵上環站
香港,中國銀行(香港)有限公司,中環德輔道中252號
香港,中國銀行(香港)有限公司,上環地鐵站﹝東﹞
香港,中國銀行(香港)有限公司,香港中環干諾道中200號信德中心二樓225號
香港,中國銀行(香港)有限公司,香港赤柱廣場3樓301B號
香港,中國銀行(香港)有限公司,香港香港島南區赤柱半島南端赤柱軍營
香港,中國銀行(香港)有限公司,香港灣仔皇后大道東213號
香港,中國銀行(香港)有限公司,香港灣仔皇后大東213號
香港,中國銀行(香港)有限公司,香港灣仔軒尼詩道310-312號
香港,中國銀行(香港)有限公司,香港灣仔皇后大道東266號律敦治醫院LG3
香港,中國銀行(香港)有限公司,灣仔告士打道7號入境事務大樓1樓1號室
香港,中國銀行(香港)有限公司,灣仔告士打道1號
香港,中國銀行(香港)有限公司,香港灣仔莊士敦道152-158號
香港,中國銀行(香港)有限公司,香港灣仔軒尼詩道409-415號
香港,中國銀行(香港)有限公司,灣仔港鐵站
香港,中國銀行(香港)有限公司,香港灣仔軒尼詩道139號
香港,中國銀行(香港)有限公司,灣仔港灣道28號灣景中心地下4號舖
香港,中國銀行(香港)有限公司,港鐵堅尼地城站KET1號舖
香港,中國銀行(香港)有限公司,西環堅尼地城吉席街2-2F海怡花園
香港,中國銀行(香港)有限公司,西環石塘咀皇后大道西534號
香港,中國銀行(香港)有限公司,西環德輔道西386-388號
香港,中國銀行(香港)有限公司,香港西灣河筲箕灣道142-146號
香港,中國銀行(香港)有限公司,陽明山莊商業中心地下88號大潭水塘道近LotNo.1051
香港,中國銀行(香港)有限公司,九龍長沙灣道833號長沙灣廣場G08號
香港,中國銀行(香港)有限公司,港鐵長沙灣站
香港,中國銀行(香港)有限公司,九龍長沙灣青山道365-371號
香港,中國銀行(香港)有限公司,九龍青山道485號九龍廣場1號
香港,中國銀行(香港)有限公司,彩虹港鐵站
香港,中國銀行(香港)有限公司,彩虹彩雲邨商場A3-18
香港,中國銀行(香港)有限公司,鑽石山荷里活廣場一樓(146號舖對面)
香港,中國銀行(香港)有限公司,九龍鑽石山富山村ATM
香港,中國銀行(香港)有限公司,九龍鑽石山荷里活廣場G107號
香港,中國銀行(香港)有限公司,港鐵鑽石山站
香港,中國銀行(香港)有限公司,慈雲山雲華街10號慈樂邨慈雲山中心5樓ATMNo.2
香港,中國銀行(香港)有限公司,鑽石山港鐵站
香港,中國銀行(香港)有限公司,九龍何文田窩打老道86號萬基大廈A2舖
香港,中國銀行(香港)有限公司,何文田牧愛街30號香港公開大學
香港,中國銀行(香港)有限公司,紅磡馬頭圍道37-39號
香港,中國銀行(香港)有限公司,九龍紅磡香港理工大學邵凂夫樓平台二樓
香港,中國銀行(香港)有限公司,紅磡馬頭圍道21號
香港,中國銀行(香港)有限公司,紅磡黃埔花園第十一期G6
香港,中國銀行(香港)有限公司,九龍紅磡德民街1-15號黃埔新邨A-E座地下A1-A2及G1號舖
香港,中國銀行(香港)有限公司,紅磡馬頭圍道47-49號
香港,中國銀行(香港)有限公司,港鐵紅磡站車站大堂HUHATM6
香港,中國銀行(香港)有限公司,九龍紅磡黃埔花園第一期商場G8B號
香港,中國銀行(香港)有限公司,尖沙咀柯士甸站非付款大堂104號舖
香港,中國銀行(香港)有限公司,港鐵佐敦站
香港,中國銀行(香港)有限公司,九龍彌敦道328-330號
香港,中國銀行(香港)有限公司,九龍佐敦佐敦道23-29號新寶大廈一樓
香港,中國銀行(香港)有限公司,九龍加士居道30號伊利沙伯醫院E室地下
香港,中國銀行(香港)有限公司,九龍加士居道30號伊利沙伯醫院ACC層地下
香港,中國銀行(香港)有限公司,九龍港鐵站
香港,中國銀行(香港)有限公司,九龍九龍灣宏開道16號德福大廈2號舖
香港,中國銀行(香港)有限公司,九龍九龍灣德褔花園商場P2號
香港,中國銀行(香港)有限公司,九龍灣宏冠道南豐商業中心G1
香港,中國銀行(香港)有限公司,九龍灣臨華街1號九巴九龍灣車廠地下
香港,中國銀行(香港)有限公司,九龍灣德褔花園商場P2號
香港,中國銀行(香港)有限公司,九龍灣港鐵站
香港,中國銀行(香港)有限公司,九龍城衙前圍道25號
香港,中國銀行(香港)有限公司,九龍城太子道382-384號
香港,中國銀行(香港)有限公司,九龍城晴朗商場A區1樓ATM位
香港,中國銀行(香港)有限公司,九龍塘達之路香港城市大學
香港,中國銀行(香港)有限公司,九龍塘又一城LG256號
香港,中國銀行(香港)有限公司,港鐵九龍塘站
香港,中國銀行(香港)有限公司,觀塘開源道68號觀塘廣場G1
香港,中國銀行(香港)有限公司,觀塘開源道55號
香港,中國銀行(香港)有限公司,九龍觀塘開源道55號
香港,中國銀行(香港)有限公司,觀塘秀茂坪﹝南﹞村秀善樓地下房屋邨辦事處外面的公共地方ATM位置
香港,中國銀行(香港)有限公司,九龍觀塘輔仁街26-32號
香港,中國銀行(香港)有限公司,九龍觀塘翠屏邨商場二樓116號
香港,中國銀行(香港)有限公司,觀塘彩褔村彩喜樓1樓位置
香港,中國銀行(香港)有限公司,九龍觀塘開源道68號觀塘廣場G1
香港,中國銀行(香港)有限公司,觀塘秀茂坪商場214號
香港,中國銀行(香港)有限公司,九龍觀塘道啟業商場啟賢樓地下自動櫃員機2號
香港,中國銀行(香港)有限公司,九龍觀塘協和街130號基督教聯合醫院S層地下
香港,中國銀行(香港)有限公司,九龍觀塘安達臣道安達商場LG15號舖
香港,中國銀行(香港)有限公司,觀塘港鐵站
香港,中國銀行(香港)有限公司,九龍觀塘協和街195-197號
香港,中國銀行(香港)有限公司,荔枝角昂船洲軍營第七座酒吧
香港,中國銀行(香港)有限公司,港鐵荔枝角站
香港,中國銀行(香港)有限公司,荔枝角道833號昇悅商場1樓﹝129號舖旁﹞
香港,中國銀行(香港)有限公司,九龍荔枝角瑪嘉烈醫院道2-10號瑪嘉烈醫院主樓地下
香港,中國銀行(香港)有限公司,九龍藍田啟田道49號12號舖
香港,中國銀行(香港)有限公司,九龍藍田啟田道49號12號舖
香港,中國銀行(香港)有限公司,藍田港鐵站
香港,中國銀行(香港)有限公司,九龍藍田碧雲道168號廣田邨廣田商場1樓3號ATM
香港,中國銀行(香港)有限公司,藍田平田商場2樓203A號
香港,中國銀行(香港)有限公司,港鐵樂富站
香港,中國銀行(香港)有限公司,樂富港鐵站
香港,中國銀行(香港)有限公司,美孚地鐵站
香港,中國銀行(香港)有限公司,美孚新邨吉利徑19號
香港,中國銀行(香港)有限公司,港鐵西鐵線美孚站MEF102舖
香港,中國銀行(香港)有限公司,九龍美孚新邨萬事達廣場地下N47-49號舖
香港,中國銀行(香港)有限公司,萬事達廣場地下17-B號舖
香港,中國銀行(香港)有限公司,九龍旺角彌敦道589號
香港,中國銀行(香港)有限公司,旺角太子道西116-118號
香港,中國銀行(香港)有限公司,九龍彌敦道774號
香港,中國銀行(香港)有限公司,九龍旺角太子道西116-118號
香港,中國銀行(香港)有限公司,港鐵旺角站
香港,中國銀行(香港)有限公司,港鐵太子站
香港,中國銀行(香港)有限公司,九龍旺角彌敦道608號
香港,中國銀行(香港)有限公司,九龍旺角彌敦道608號
香港,中國銀行(香港)有限公司,九龍旺角山東街42-48號
香港,中國銀行(香港)有限公司,旺角彌敦道625號及639號雅蘭中心地下
香港,中國銀行(香港)有限公司,九龍旺角彌敦道707-713號B舖
香港,中國銀行(香港)有限公司,九龍亞皆老街147A九龍醫院(西翼)UG層
香港,中國銀行(香港)有限公司,九龍亞皆老街147B醫管局大樓地下
香港,中國銀行(香港)有限公司,九龍彌敦道774號
香港,中國銀行(香港)有限公司,太子上海街分行
香港,中國銀行(香港)有限公司,港鐵東鐵線旺角東站MKK9號舖
香港,中國銀行(香港)有限公司,牛頭角彩盈坊彩盈商場鄰近2號商舖的空地ATM位置
香港,中國銀行(香港)有限公司,九龍牛頭角道169號
香港,中國銀行(香港)有限公司,九龍牛頭角振華路70號樂華(北邨)商場3樓3號ATM
香港,中國銀行(香港)有限公司,九龍牛頭角道169號
香港,中國銀行(香港)有限公司,牛頭角港鐵站
香港,中國銀行(香港)有限公司,新蒲崗大有街35號
香港,中國銀行(香港)有限公司,新蒲崗彩虹道58-68號
香港,中國銀行(香港)有限公司,新蒲崗爵祿街86號
香港,中國銀行(香港)有限公司,港鐵深水埗站
香港,中國銀行(香港)有限公司,九龍李鄭屋邨商業中心108號
香港,中國銀行(香港)有限公司,九龍深水長沙灣道194-196號
香港,中國銀行(香港)有限公司,九龍深水埗西邨路富昌邨富昌商場地下2號ATM
香港,中國銀行(香港)有限公司,九龍深水埗南昌街207-211號
香港,中國銀行(香港)有限公司,深水埗汝洲街42-46號
香港,中國銀行(香港)有限公司,港鐵南昌站(西鐵線)
香港,中國銀行(香港)有限公司,九龍深水埔欽州街37號K西九龍中心206A號舖
香港,中國銀行(香港)有限公司,深水埗深旺道100號海麗商場1樓ATM位置
香港,中國銀行(香港)有限公司,九龍深水埗永康街111號明愛醫院懷明樓3樓
香港,中國銀行(香港)有限公司,九龍深水埗昂船洲志昂路昂船洲軍營
香港,中國銀行(香港)有限公司,九龍塘窩打老道200號九龍東軍營
香港,中國銀行(香港)有限公司,石硤尾南山村南樂樓鄰近112號商鋪的空地
香港,中國銀行(香港)有限公司,石硤尾地鐵站
香港,中國銀行(香港)有限公司,石硤尾白田村麗田樓地下鄰近區域保養辦事處正門之公眾地方的ATM位置
香港,中國銀行(香港)有限公司,大角咀福全街32-40號
香港,中國銀行(香港)有限公司,大角咀大角咀道73-77號
香港,中國銀行(香港)有限公司,九龍大角咀道38號新九龍廣場地下090號
香港,中國銀行(香港)有限公司,九龍大角咀海庭道18號奧海城二期一樓133號
香港,中國銀行(香港)有限公司,奧運港鐵站
香港,中國銀行(香港)有限公司,九龍海輝道11號奧海城一期中銀中心UG層
香港,中國銀行(香港)有限公司,土瓜灣北帝街4-6號
香港,中國銀行(香港)有限公司,九龍土瓜灣土瓜灣道80號N
香港,中國銀行(香港)有限公司,九龍土瓜灣馬頭角道39-45號
香港,中國銀行(香港)有限公司,土瓜灣土瓜灣道80號N
香港,中國銀行(香港)有限公司,九龍尖沙咀廣東道33號中港城高層地下1號舖
香港,中國銀行(香港)有限公司,九龍尖沙咀加拿芬道24-28號
香港,中國銀行(香港)有限公司,九龍尖沙咀加拿芬道24-28號
香港,中國銀行(香港)有限公司,尖沙咀九廣鐵路尖東站非付款大堂24號舖
香港,中國銀行(香港)有限公司,尖沙咀堪富利士道4-4Ａ
香港,中國銀行(香港)有限公司,港鐵尖沙咀站
香港,中國銀行(香港)有限公司,九龍尖沙咀金馬倫道30號
香港,中國銀行(香港)有限公司,尖沙咀天星碼頭KP-33B號舖
香港,中國銀行(香港)有限公司,九龍尖沙咀柯士甸道西3號西九龍站售票大堂B1-14號舖
香港,中國銀行(香港)有限公司,九龍尖沙咀東加連威老道96號希爾頓大廈低層地下3號舖
香港,中國銀行(香港)有限公司,九龍尖沙咀廣東道60號
香港,中國銀行(香港)有限公司,九龍尖沙咀廣東道33號中港城2樓19-20號舖
香港,中國銀行(香港)有限公司,尖沙咀加拿芬道24-28號
香港,中國銀行(香港)有限公司,香港尖沙咀柯士甸道127號槍會山軍營
香港,中國銀行(香港)有限公司,黃大仙竹園南邨竹園中心商場S1號
香港,中國銀行(香港)有限公司,黃大仙港鐵站(ATM2)
香港,中國銀行(香港)有限公司,九龍黃大仙沙田坳道124號黃大仙醫院2E(保安室外)
香港,中國銀行(香港)有限公司,九龍黃大仙沙田坳道118號聖母醫院(東翼)地下
香港,中國銀行(香港)有限公司,黃大仙港鐵站
香港,中國銀行(香港)有限公司,黃大仙慈雲山毓華街46-48號
香港,中國銀行(香港)有限公司,黃大仙慈雲山慈正商場(II)期地下ATMNo.2
香港,中國銀行(香港)有限公司,黃大仙中心地下G13號
香港,中國銀行(香港)有限公司,油塘大本型MTR層M07號舖
香港,中國銀行(香港)有限公司,港鐵油塘站
香港,中國銀行(香港)有限公司,油麻地彌敦道471號
香港,中國銀行(香港)有限公司,油麻地港鐵站
香港,中國銀行(香港)有限公司,粉嶺聯和壚聯盛街10-16號B舖
香港,中國銀行(香港)有限公司,粉嶺聯和壚和豐街17-19號
香港,中國銀行(香港)有限公司,港鐵東鐵線粉嶺站5號舖
香港,中國銀行(香港)有限公司,港鐵東鐵線粉嶺站5號舖
香港,中國銀行(香港)有限公司,新界粉嶺粉嶺中心2D-E及H號舖
香港,中國銀行(香港)有限公司,新界粉嶺百和路88號花都廣場28號
香港,中國銀行(香港)有限公司,新界粉嶺嘉福商場地下
香港,中國銀行(香港)有限公司,粉嶺華明路22號雍盛苑商場地下ATM2號位
香港,中國銀行(香港)有限公司,港鐵大學站
香港,中國銀行(香港)有限公司,火炭樂景街2-18號銀禧花園商場2樓
香港,中國銀行(香港)有限公司,新界火炭桂地街22-24號
香港,中國銀行(香港)有限公司,港鐵火炭站FOT5號舖
香港,中國銀行(香港)有限公司,新界火炭山尾街18-24號沙田商業中心1樓2號
香港,中國銀行(香港)有限公司,港鐵坑口站
香港,中國銀行(香港)有限公司,新界葵涌葵富路7-11號葵涌廣場地下A18-20號
香港,中國銀行(香港)有限公司,葵涌上葵涌石宜路7-11號
香港,中國銀行(香港)有限公司,葵涌梨木樹商場22號
香港,中國銀行(香港)有限公司,荔景麗瑤村街市鄰近1號商舖的空地
香港,中國銀行(香港)有限公司,葵涌葵涌村葵涌商場101號商舖對面的公共地方ATM位置
香港,中國銀行(香港)有限公司,新界葵涌葵昌路40號
香港,中國銀行(香港)有限公司,葵涌貨櫃碼頭南路18號葵涌四號貨櫃碼頭和黃物流中心M1層鄰近貨倉行人通道入口
香港,中國銀行(香港)有限公司,新界葵涌景荔徑8號盈暉家居城二樓206號舖
香港,中國銀行(香港)有限公司,新界葵涌祖堯村一樓A座A101舖
香港,中國銀行(香港)有限公司,葵涌梨木道120號石蔭邨石蔭商場LG1層面對114號舖
香港,中國銀行(香港)有限公司,葵涌青山道485號九龍廣場1號
香港,中國銀行(香港)有限公司,葵涌興芳路192-194號
香港,中國銀行(香港)有限公司,新界葵涌永基路55號嘉里貨運中心P1層
香港,中國銀行(香港)有限公司,新界葵涌興芳路223號新都會廣場260-265號
香港,中國銀行(香港)有限公司,新界葵涌醫院道3-15號地下葵涌醫院服務層主樓大堂
香港,中國銀行(香港)有限公司,港鐵荔景站
香港,中國銀行(香港)有限公司,葵涌石蘺商場二期3樓ATMNo.2近1號商舖之公眾地方
香港,中國銀行(香港)有限公司,葵涌梨木樹邨商場地下大堂
香港,中國銀行(香港)有限公司,港鐵葵芳站
香港,中國銀行(香港)有限公司,葵芳邨葵芳商場一樓ATMNo.2
香港,中國銀行(香港)有限公司,港鐵葵興站
香港,中國銀行(香港)有限公司,羅湖站﹝離境﹞付款大堂ATM位A01號
香港,中國銀行(香港)有限公司,馬鞍山馬鐵線恒安站非付款大堂
香港,中國銀行(香港)有限公司,馬鞍山恆安邨商場203號
香港,中國銀行(香港)有限公司,沙田馬鞍山西沙路頌安村頌安商場1樓ATMNo.4
香港,中國銀行(香港)有限公司,馬鞍山西沙路馬鞍山廣場L2層2103號
香港,中國銀行(香港)有限公司,馬鞍山九廣鐵路馬鐵綫大水坑站付款大堂3號舖D
香港,中國銀行(香港)有限公司,港鐵烏溪沙站
香港,中國銀行(香港)有限公司,馬鞍山九廣鐵路馬鐵線馬鞍山站付款大堂2號鋪
香港,中國銀行(香港)有限公司,新界馬鞍山錦英路6號富寶花園商場一樓
香港,中國銀行(香港)有限公司,馬鞍山馬鐵線石門站SHM3號舖
香港,中國銀行(香港)有限公司,新界馬鞍山西沙路馬鞍山廣場L2層2103號
香港,中國銀行(香港)有限公司,西貢清水灣道香港科技大學
香港,中國銀行(香港)有限公司,新界西貢福民路22-40號西貢苑56及58號
香港,中國銀行(香港)有限公司,新界清水灣道香港科技大學李兆基商學院大樓地下樓層
香港,中國銀行(香港)有限公司,新界清水灣道香港科技大學學術廊入口
香港,中國銀行(香港)有限公司,沙頭角沙頭角邨16-18座
香港,中國銀行(香港)有限公司,深井海韻花園商場G1及G2
香港,中國銀行(香港)有限公司,沙田馬場-會員席正門入口
香港,中國銀行(香港)有限公司,沙田沙角邨商場39號
香港,中國銀行(香港)有限公司,沙田大圍美林村美林商場一樓ATMNo.1(近郵政局的公眾地方)
香港,中國銀行(香港)有限公司,新界沙田隆亨邨商場103號
香港,中國銀行(香港)有限公司,港鐵沙田站非付款大堂(SHTATM13&SHTATM14)
香港,中國銀行(香港)有限公司,港鐵沙田站非付款大堂(SHTATM13&SHTATM14)
香港,中國銀行(香港)有限公司,新界沙田恒信街2號富安花園地下2C舖
香港,中國銀行(香港)有限公司,沙田大涌橋道52號富豪花園商場(近商場入口)
香港,中國銀行(香港)有限公司,沙田碩門邨健碩樓地下
香港,中國銀行(香港)有限公司,新界沙田新城市廣場第一期六樓608號
香港,中國銀行(香港)有限公司,沙田馬場會員席(內地客戶區域)
香港,中國銀行(香港)有限公司,新界沙田瀝源村福海樓1號
香港,中國銀行(香港)有限公司,沙田德厚街3號禾輋邨禾輋商場二樓5號
香港,中國銀行(香港)有限公司,沙田大圍車公廟路69號顯徑邨顯徑商場B翼地下3號
香港,中國銀行(香港)有限公司,沙田馬場-第二座看台2樓
香港,中國銀行(香港)有限公司,新界沙田橫壆街1-15號好運中心地下20號舖
香港,中國銀行(香港)有限公司,新界沙田大圍道74-76號樹德樓地下A、B、D舖及閣樓
香港,中國銀行(香港)有限公司,沙田圍博康邨商業中心125號舖
香港,中國銀行(香港)有限公司,新界沙田大圍道37-47號耀寶大廈地下2-4號舖
香港,中國銀行(香港)有限公司,新界沙田銀城街30-32號威爾斯親王醫院2樓主樓
香港,中國銀行(香港)有限公司,新界沙田銀城街30-32號威爾斯親王醫院1樓住院主樓暨創傷中心
香港,中國銀行(香港)有限公司,新界沙田水泉澳廣場博泉街2樓208號舖
香港,中國銀行(香港)有限公司,新界沙田隆亨村商場L2層ATMNo.3&4
香港,中國銀行(香港)有限公司,沙田第一城銀城商場24號
香港,中國銀行(香港)有限公司,沙田九廣鐵路馬鐵線沙田圍站付款大堂3號鋪
香港,中國銀行(香港)有限公司,沙田馬場-第二座大看台二樓
香港,中國銀行(香港)有限公司,沙田九廣鐵路第一城站付款大堂4號鋪
香港,中國銀行(香港)有限公司,新界上水天坪邨商場地下121
香港,中國銀行(香港)有限公司,上水新豐路61號
香港,中國銀行(香港)有限公司,上水新豐路136號
香港,中國銀行(香港)有限公司,港鐵東鐵線上水站SHS6號舖
香港,中國銀行(香港)有限公司,新界上水彩園廣場三樓R9-10號
香港,中國銀行(香港)有限公司,新界上水保健路9號北區醫院主樓地下
香港,中國銀行(香港)有限公司,上水上水中心第一層1007-1009號
香港,中國銀行(香港)有限公司,上水清河村清譽樓附翼地下空地ATM位置
香港,中國銀行(香港)有限公司,大埔富善邨商場G11號
香港,中國銀行(香港)有限公司,大埔安泰路1號大埔廣場地下商場4號
香港,中國銀行(香港)有限公司,新界大埔墟寶鄉街68-70號
香港,中國銀行(香港)有限公司,大埔富亨邨商場1-2號
香港,中國銀行(香港)有限公司,新界大埔汀角路10號大元街市地下411號單位
香港,中國銀行(香港)有限公司,新界大埔大埔超級城D區1樓OS-9號位置
香港,中國銀行(香港)有限公司,大埔白石角天賦海灣第四期「逸瓏灣」住宅項目商場LG/F層ATM位置
香港,中國銀行(香港)有限公司,新界大埔太和路12號太和廣場東翼L1樓自動櫃員機4號
香港,中國銀行(香港)有限公司,新界大埔全安路11號雅麗氏何妙齡那打素醫院A座地下
香港,中國銀行(香港)有限公司,大埔墟站非付款大堂4號舖
香港,中國銀行(香港)有限公司,大圍翠田街2號新翠村新翠商場地下ATMNo.1
香港,中國銀行(香港)有限公司,大圍富健街18號
香港,中國銀行(香港)有限公司,大圍九廣鐵路馬鐵線大圍站付款大堂35號鋪
香港,中國銀行(香港)有限公司,大圍港鐵車公廟站非付款大堂CKT2號舖
香港,中國銀行(香港)有限公司,港鐵東鐵線太和站ATM2(非付款大堂)
香港,中國銀行(香港)有限公司,大窩口地鐵站
香港,中國銀行(香港)有限公司,大窩口商場3樓ATMNo.1近C8號商舖之公眾地方
香港,中國銀行(香港)有限公司,新界元朗天水圍天恩路18號置富嘉湖第一期地下G64A號
香港,中國銀行(香港)有限公司,新界天水圍天晴村晴雲樓地下
香港,中國銀行(香港)有限公司,新界天水圍天瑞商場G30號
香港,中國銀行(香港)有限公司,新界天水圍嘉湖山莊新北江商場A189號
香港,中國銀行(香港)有限公司,"天水圍天瑞路Nos.71,73,75及77號天澤商場地下ATMNo.6"
香港,中國銀行(香港)有限公司,港鐵天水圍站
香港,中國銀行(香港)有限公司,九龍將軍澳將軍澳廣場L1層112-125號
香港,中國銀行(香港)有限公司,將軍澳厚德商場地下15號
香港,中國銀行(香港)有限公司,新界將軍澳東港城217D-E號
香港,中國銀行(香港)有限公司,將軍澳港鐵日出康城站非付款大堂LHP8號舖
香港,中國銀行(香港)有限公司,將軍澳彩明街1號彩明苑彩明商場1樓ATMNo.4
香港,中國銀行(香港)有限公司,將軍澳唐明街2號尚德邨尚德商場1樓ATMNo.3
香港,中國銀行(香港)有限公司,新界將軍澳東港城101號
香港,中國銀行(香港)有限公司,將軍澳新都城1期2樓209號
香港,中國銀行(香港)有限公司,新界將軍澳Popcorn商場地下G59-60號舖
香港,中國銀行(香港)有限公司,九龍將軍澳靈實路8號靈實醫院地下
香港,中國銀行(香港)有限公司,將軍澳坑口寶寧里2號將軍澳醫院主樓地下
香港,中國銀行(香港)有限公司,"新界將軍澳厚德邨TKOGateway商場,西翼地下W015-016號舖"
香港,中國銀行(香港)有限公司,將軍澳寶林邨寶林商場中心106號舖
香港,中國銀行(香港)有限公司,將軍澳地鐵站非付款大堂TKO8號舖
香港,中國銀行(香港)有限公司,港鐵將軍澳站
香港,中國銀行(香港)有限公司,調景嶺地鐵站非付款大堂TIL8號舖
香港,中國銀行(香港)有限公司,港鐵調景嶺站
香港,中國銀行(香港)有限公司,將軍澳翠林邨翠林商場五樓大堂134號舖前
香港,中國銀行(香港)有限公司,地鐵寶琳站非付款大堂POA8a&8b號舖
香港,中國銀行(香港)有限公司,新界青衣藍澄灣商場一樓鄰近18號商舖空地
香港,中國銀行(香港)有限公司,新界青衣翠怡花園商場2期地下的公眾地方OS-1
香港,中國銀行(香港)有限公司,新界青衣島青衣城108G號
香港,中國銀行(香港)有限公司,新界青衣島長康邨第二商場201-202號
香港,中國銀行(香港)有限公司,靑衣航運路36號亞洲物流中心-順豐大廈9樓
香港,中國銀行(香港)有限公司,新界青衣長發邨長發廣場地下114D號舖
香港,中國銀行(香港)有限公司,新界青衣青衣城一樓115號舖
香港,中國銀行(香港)有限公司,青衣長發邨商場3樓316號舖旁
香港,中國銀行(香港)有限公司,港鐵青衣站
香港,中國銀行(香港)有限公司,港鐵荃灣站
香港,中國銀行(香港)有限公司,新界荃灣楊屋道1號荃新天地地下65號舖
香港,中國銀行(香港)有限公司,荃灣港安醫院L/G層鄰近餐廳入口ATM位置
香港,中國銀行(香港)有限公司,荃灣德士古道36號東亞花園A112號
香港,中國銀行(香港)有限公司,荃灣怡康街1-7號海濱花園A平台鄰近AP-120舖的空地ATM位置
香港,中國銀行(香港)有限公司,港鐵荃灣西站(西鐵線)
香港,中國銀行(香港)有限公司,新界荃灣沙咀道297-299號
香港,中國銀行(香港)有限公司,荃灣綠楊坊地下G33號舖
香港,中國銀行(香港)有限公司,荃灣青山道398號愉景新城L2層2033號舖
香港,中國銀行(香港)有限公司,新界荃灣青山公路荃灣段167號昌耀大廈地下1號舖
香港,中國銀行(香港)有限公司,新界荃灣青山公路荃灣段201-207號新青大廈地下及一樓
香港,中國銀行(香港)有限公司,新界荃灣仁濟街7-11號仁濟醫院B座地下
香港,中國銀行(香港)有限公司,荃灣楊屋道1號荃新天地地下65號舖
香港,中國銀行(香港)有限公司,新界荃灣海盛路24號祈德尊新邨商場1-3號
香港,中國銀行(香港)有限公司,荃灣海盛路24號祈德尊新邨商場1-3號
香港,中國銀行(香港)有限公司,屯門屯貴路9號富泰邨富泰商場地下4號舖
香港,中國銀行(香港)有限公司,屯門兆康苑兆康商場一樓213號舖
香港,中國銀行(香港)有限公司,新界屯門建榮街24-30號
香港,中國銀行(香港)有限公司,新界屯門海珠路2號海典軒地下11號舖
香港,中國銀行(香港)有限公司,新界屯門蝴蝶蝶翎樓123-130號
香港,中國銀行(香港)有限公司,新界屯門良景商場211號
香港,中國銀行(香港)有限公司,港鐵東鐵線屯門站TUM21舖
香港,中國銀行(香港)有限公司,"屯門大興街1,2,4及6號大興邨大興商場1期地下1號"
香港,中國銀行(香港)有限公司,新界屯門友愛路友愛邨「H.A.N.D.S」商場S區地下(又稱L1)ATMNo.2
香港,中國銀行(香港)有限公司,港鐵兆康站
香港,中國銀行(香港)有限公司,新界屯門青松觀路15號青山醫院C座G31室地下
香港,中國銀行(香港)有限公司,新界屯門青松觀路23號屯門醫院主座地下大堂
香港,中國銀行(香港)有限公司,新界屯門青松觀路廿三號屯門醫院2樓康復大樓大堂
香港,中國銀行(香港)有限公司,屯門鄉事會路雅都花園商場G13-14號
香港,中國銀行(香港)有限公司,新界屯門市廣場第二期商場2號
香港,中國銀行(香港)有限公司,屯門良德街海麗花園商場地下13-15號
香港,中國銀行(香港)有限公司,屯門屯貴路九號富泰邨富泰商場地下4舖
香港,中國銀行(香港)有限公司,屯門山景商場低層地下ATM近121號商舖之公眾地方
香港,中國銀行(香港)有限公司,元朗青山公路8-18號
香港,中國銀行(香港)有限公司,新界元朗洪水橋洪泰路8號雅珊園商場1樓1號位置
香港,中國銀行(香港)有限公司,元朗教育路18-24號
香港,中國銀行(香港)有限公司,港鐵錦上路站
香港,中國銀行(香港)有限公司,港鐵元朗站
香港,中國銀行(香港)有限公司,新界元朗青山公路162號
香港,中國銀行(香港)有限公司,港鐵朗屏站(西鐵線)
香港,中國銀行(香港)有限公司,元朗壽富街29號興隆中心地下20號舖
香港,中國銀行(香港)有限公司,新界元朗教育路18-24號
香港,中國銀行(香港)有限公司,石崗村軍營
香港,中國銀行(香港)有限公司,元朗天水圍頌富廣場一期二樓L218A號舖
香港,中國銀行(香港)有限公司,新界元朗坳頭博愛醫院地下大堂
香港,中國銀行(香港)有限公司,元朗大棠道23號合益廣場1字樓A135
香港,中國銀行(香港)有限公司,港鐵落馬洲站一樓30號舖
香港,中國銀行(香港)有限公司,元朗錦綉花園市中心E座地下6號A舖
香港,中國銀行(香港)有限公司,新界元朗青山公路102號
香港,中國銀行(香港)有限公司,"元朗錦田永隆圍lotno.14D.D.109,3號地下"
香港,中國銀行(香港)有限公司,新界元朗石崗錦田公路260號石崗軍營
香港,中國銀行(香港)有限公司,長洲大新街53-55號
香港,中國銀行(香港)有限公司,新界大嶼山香港國際機場觀景路八號國泰城中座一樓
香港,中國銀行(香港)有限公司,新界東涌逸東街8號逸東邨逸東商場一樓3號ATM
香港,中國銀行(香港)有限公司,新界東涌映灣園一樓C02位置
香港,中國銀行(香港)有限公司,赤鱲角香港國際機場駿運路3號國泰航空貨運站3樓ATM點
香港,中國銀行(香港)有限公司,新界大嶼山香港國際機場南環路80號HAECO一號機庫E座地下位置
香港,中國銀行(香港)有限公司,新界大嶼山愉景灣愉景廣場C座地下G28號舖
香港,中國銀行(香港)有限公司,赤鱲角香港國際機場5T099E
香港,中國銀行(香港)有限公司,赤鱲角香港國際機場5G086B
香港,中國銀行(香港)有限公司,赤鱲角香港國際機場ATM6W002
香港,中國銀行(香港)有限公司,赤鱲角香港國際機場ATM5E002
香港,中國銀行(香港)有限公司,赤鱲角香港國際機場ATM7T002
香港,中國銀行(香港)有限公司,赤鱲角香港國際機場ATM6W004
香港,中國銀行(香港)有限公司,赤鱲角香港國際機場5T030B
香港,中國銀行(香港)有限公司,赤鱲角香港國際機場ATM3P002
香港,中國銀行(香港)有限公司,赤鱲角香港國際機場6MC014
香港,中國銀行(香港)有限公司,東涌松仁路8號北大嶼山醫院1樓
香港,中國銀行(香港)有限公司,大嶼山赤鱲角超級一號貨站地下南門(即升降機大堂)
香港,中國銀行(香港)有限公司,港鐵東涌站
香港,中國銀行(香港)有限公司,大嶼山香港國際機場2號客運大廈翔天廊3樓P043A
香港,中國銀行(香港)有限公司,香港國際機場一號客運大樓5樓5T054-056
香港,東亞銀行有限公司,香港仔香港仔大道162至164號地下
香港,東亞銀行有限公司,香港島黃竹坑南風徑一號港怡醫院地下大堂
香港,東亞銀行有限公司,金鐘金鐘道95號統一中心1007&1008號舖
香港,東亞銀行有限公司,金鐘添美道2號政府總部1樓A區
香港,東亞銀行有限公司,金鐘金鐘道88號太古廣場3樓355號舖
香港,東亞銀行有限公司,銅鑼灣怡和街2-6號英光大廈地下
香港,東亞銀行有限公司,香港銅鑼灣霎東街11號地下
香港,東亞銀行有限公司,銅鑼灣軒尼詩道555號崇光百貨公司(面向東角道)
香港,東亞銀行有限公司,中環德輔道中10號L/F堂
香港,東亞銀行有限公司,中環德輔道中10號地下
香港,東亞銀行有限公司,中環德輔道中10號
香港,東亞銀行有限公司,中環康樂廣場2號1樓
香港,東亞銀行有限公司,香港港鐵站L3東涌綫大堂自動櫃員機ATMBay號
香港,東亞銀行有限公司,香港港鐵站L3東涌綫大堂自動櫃員機ATMBay號
香港,東亞銀行有限公司,中環港景街1號國際金融中心商場一樓1105A號舖
香港,東亞銀行有限公司,中環娛樂行2樓2E及F號舖對出
香港,東亞銀行有限公司,柴灣柴灣道345號地下
香港,東亞銀行有限公司,香港小西灣小西灣道10號1樓
香港,東亞銀行有限公司,香港柴灣興華廣場1樓自動櫃員機2號
香港,東亞銀行有限公司,跑馬地成和道5至7號地下
香港,東亞銀行有限公司,跑馬地成和道5-7號
香港,東亞銀行有限公司,半山般含道19至27號嘉富大廈1至3號
香港,東亞銀行有限公司,半山堅道63至69號慧源閣地下C
香港,東亞銀行有限公司,北角英皇道326至328號地下
香港,東亞銀行有限公司,北角英皇道326-328號
香港,東亞銀行有限公司,香港山頂加列山道41號明德國際醫院地下
香港,東亞銀行有限公司,香港大學百周年校園地下P0030號舖
香港,東亞銀行有限公司,香港大學莊月明文娛中心2樓戶外
香港,東亞銀行有限公司,香港鰂魚涌英皇道1032-1044號福昌樓地下G2-G4號
香港,東亞銀行有限公司,鰂魚涌太古城耀星閣G1010-1011號
香港,東亞銀行有限公司,香港鰂魚涌英皇道1035號地下
香港,東亞銀行有限公司,淺水灣海灘道28號Thepulse2樓
香港,東亞銀行有限公司,筲箕灣筲箕灣道289至293號嘉福大廈地下
香港,東亞銀行有限公司,香港筲箕灣愛東商場1樓自動櫃員機2號
香港,東亞銀行有限公司,上環德輔道中181號地下
香港,東亞銀行有限公司,上環般含道19-27號嘉富大廈1-3號
香港,東亞銀行有限公司,香港上環干諾道中200號信德中心2樓296A及B號
香港,東亞銀行有限公司,灣仔軒尼詩道253至261號依時商業大厦地下A-C號
香港,東亞銀行有限公司,灣仔軒尼詩道253-261號依時商業大廈地下A-C號
香港,東亞銀行有限公司,灣仔軒尼詩道399號東區商業大廈地下
香港,東亞銀行有限公司,灣仔皇后大道東228號地下B及C舖
香港,東亞銀行有限公司,灣仔皇后大道東228號地下B及C
香港,東亞銀行有限公司,灣仔告士打道56號東亞銀行港灣中心地下1號舖
香港,東亞銀行有限公司,灣仔告士打道56號東亞銀行港灣中心地下1號
香港,東亞銀行有限公司,灣仔港灣道1號會展廣場1樓101號舖
香港,東亞銀行有限公司,灣仔海港中心一樓SC#1號舖
香港,東亞銀行有限公司,香港石塘咀皇后大道西484-496號新安大樓地下I及J號
香港,東亞銀行有限公司,香港西灣河興東商場地下自動櫃員機2號
香港,東亞銀行有限公司,九龍長沙灣青山道305號地下1號
香港,東亞銀行有限公司,長沙灣長沙灣道833號長沙灣廣場1樓117-119號
香港,東亞銀行有限公司,九龍長沙灣青山灣399號地下喜雅
香港,東亞銀行有限公司,九龍彩虹清水灣道8號匯八坊商場地下G04號舖
香港,東亞銀行有限公司,鑽石山龍蟠街3號荷里活廣場1樓102A號舖
香港,東亞銀行有限公司,何文田窩打老道77B及77C芝齡大廈地下A號
香港,東亞銀行有限公司,九龍何文田廣場二樓自動櫃員機１號
香港,東亞銀行有限公司,紅磡馬頭圍道23至27號地下
香港,東亞銀行有限公司,九龍紅磡馬頭圍道23至27號地下
香港,東亞銀行有限公司,紅磡黃埔花園第9期地下1至3號
香港,東亞銀行有限公司,紅磡香港理工大學邵逸夫樓VA210室
香港,東亞銀行有限公司,紅磡黃埔新天地第12期家居庭地面12G2號舖
香港,東亞銀行有限公司,紅磡都會道6號國際都會5樓3號行人天橋大堂入口
香港,東亞銀行有限公司,九龍彌敦道241-243號金峰大廈地下E及F舖
香港,東亞銀行有限公司,九龍九龍灣德福廣場1期1樓F12B號
香港,東亞銀行有限公司,九龍灣德福廣場1期1樓F12B號
香港,東亞銀行有限公司,九龍灣德福廣場1期1樓自動櫃員機3號
香港,東亞銀行有限公司,九龍城衙前圍道45至45A號E及F舖
香港,東亞銀行有限公司,九龍塘達之路80號又一城MTR07號
香港,東亞銀行有限公司,九龍塘浸會大學道9號香港浸會大學賽馬會師生活動中心地下G02室
香港,東亞銀行有限公司,觀塘偉業街133號地下
香港,東亞銀行有限公司,觀塘開源道54號豐利中心地下1號
香港,東亞銀行有限公司,觀塘麗港城商場地下38號
香港,東亞銀行有限公司,九龍觀塘麗港城商場地下38號
香港,東亞銀行有限公司,觀塘觀塘道418號創紀之城五期地下1號
香港,東亞銀行有限公司,觀塘觀塘道418號創紀之城五期地下1號舖
香港,東亞銀行有限公司,觀塘康寧道7號
香港,東亞銀行有限公司,九龍官塘秀明道101號秀茂坪商場2樓自動櫃員機4號
香港,東亞銀行有限公司,九龍觀塘順利商場平台自動櫃員機2號
香港,東亞銀行有限公司,觀塘觀塘道418號創紀之城五期大堂高層UC-36舖對出
香港,東亞銀行有限公司,觀塘秀茂坪寶達邨商場地下9號舖對出自動扶手電梯下
香港,東亞銀行有限公司,觀塘曉麗苑曉麗商場出入口對出近209A號舖
香港,東亞銀行有限公司,長沙灣長沙灣道833號長沙灣廣場1樓117-118號
香港,東亞銀行有限公司,荔枝角深盛路9號宇晴匯2樓櫃員機位置A
香港,東亞銀行有限公司,九龍藍田啟田商場1樓自動櫃員機4號
香港,東亞銀行有限公司,九龍藍田廣田商場1樓自動櫃員機2號
香港,東亞銀行有限公司,橫頭磡樂富廣場L樓L217-L223號
香港,東亞銀行有限公司,美孚新邨萬事達廣場地下N57號
香港,東亞銀行有限公司,美孚新邨萬事達廣場1樓88號
香港,東亞銀行有限公司,九龍旺角彌敦道664號惠豐中心7樓703-706室
香港,東亞銀行有限公司,旺角彌敦道700號T.O.PThisisOurPlace地下G07舖
香港,東亞銀行有限公司,旺角彌敦道720-722號家樂樓地下
香港,東亞銀行有限公司,旺角彌敦道720-722號家樂樓地下
香港,東亞銀行有限公司,九龍旺角海庭路2號海富商場1樓
香港,東亞銀行有限公司,九龍旺角太子道西193號新世紀廣場2樓(近247號商店)
香港,東亞銀行有限公司,旺角太子道西154-158號旺角城大廈地下近正門入口
香港,東亞銀行有限公司,牛頭角振華道70號樂華﹝北﹞商場二樓二號自動櫃員機
香港,東亞銀行有限公司,新蒲崗崇齡街65號地下
香港,東亞銀行有限公司,新蒲崗崇齡街65號
香港,東亞銀行有限公司,深水埗青山道305號地下1號
香港,東亞銀行有限公司,深水埗窩仔街13號地下
香港,東亞銀行有限公司,大角咀海庭道18號奧海城2期UG46至47號
香港,東亞銀行有限公司,九龍尖沙咀加拿分道20號加拿芬廣場1樓
香港,東亞銀行有限公司,尖沙咀加連威老道98號東海商業中心地下G3-G5號
香港,東亞銀行有限公司,九龍尖沙咀加拿分道20號加拿芬廣場地下
香港,東亞銀行有限公司,九龍尖沙咀柯士甸道西1號圓方1樓1002號
香港,東亞銀行有限公司,尖沙咀廣東道3-27號海港城港威大廈第5座3樓
香港,東亞銀行有限公司,尖沙咀彌敦道63號國際廣場地下高層UG01號舖對出
香港,東亞銀行有限公司,黃大仙毓華街23號慈雲山中心5樓540號舖
香港,東亞銀行有限公司,九龍油塘油美苑鯉魚門廣場地下自動櫃員機3號
香港,東亞銀行有限公司,油塘港鐵站自動櫃員機ATM2(近B1出口往油麗邨/商場)
香港,東亞銀行有限公司,油麻地彌敦道524號地下
香港,東亞銀行有限公司,油麻地港鐵站2號舖近D出口往窩打老道
香港,東亞銀行有限公司,油麻地港鐵站2號舖(近D出口往窩打老道)
香港,東亞銀行有限公司,粉嶺名都商場2樓27B及27C室
香港,東亞銀行有限公司,粉嶺聯和墟和滿街8號帝庭軒商場1樓
香港,東亞銀行有限公司,新界粉嶺嘉福商場地下自動櫃員機4號
香港,東亞銀行有限公司,葵涌興芳路202號地下
香港,東亞銀行有限公司,新界葵涌興芳路223號新都會廣場1樓140-141號
香港,東亞銀行有限公司,新界葵涌石籬商場二期2樓自動櫃員機3號
香港,東亞銀行有限公司,新界葵涌石蔭商場LG1樓自動櫃員機2號
香港,東亞銀行有限公司,葵涌葵涌邨商場1樓102號舖對出自動扶手電梯下
香港,東亞銀行有限公司,葵興港鐵站2號舖(近A出口往葵興邨)
香港,東亞銀行有限公司,馬鞍山西沙路608號馬鞍山廣場三樓318-322號
香港,東亞銀行有限公司,馬鞍山頌安邨商場地下保安櫃位側
香港,東亞銀行有限公司,西貢清水灣香港科技大學廣場入口地下
香港,東亞銀行有限公司,沙田廣場地下4號
香港,東亞銀行有限公司,沙田大圍道16-18號祥豐大樓
香港,東亞銀行有限公司,新界沙田香港中文大學池旁路龐萬倫學生中心1樓108室
香港,東亞銀行有限公司,沙田香港中文大學池旁路龐萬倫學生中心1樓108室
香港,東亞銀行有限公司,"新界沙田牛皮沙街2,6,8號愉翠苑愉翠商場1樓自動櫃員機3號"
香港,東亞銀行有限公司,新界沙田廣源商場地下自動櫃員機2號
香港,東亞銀行有限公司,沙田‧香港中文大學新亞書院樂群館-梁雄姬樓地下
香港,東亞銀行有限公司,沙田中文大學范克廉樓地下
香港,東亞銀行有限公司,沙田禾輋邨禾輋商場近56號舖
香港,東亞銀行有限公司,沙田大圍美田邨美田商場1樓104號舖對面
香港,東亞銀行有限公司,智昌路3號上水中心購物商場地下1015-1019號
香港,東亞銀行有限公司,上水彩園路8號彩園廣場3樓櫃員機4
香港,東亞銀行有限公司,香港教育學院中央大樓平台C-P-12室
香港,東亞銀行有限公司,大埔墟寶鄉街62至66號地下
香港,東亞銀行有限公司,大埔露屏路10號香港教育學院C2019室
香港,東亞銀行有限公司,大埔廣福邨廣福商場平台近K1號舖
香港,東亞銀行有限公司,大埔太和邨太和商場S229E商舖
香港,東亞銀行有限公司,大圍道16至18號祥豐大樓地下
香港,東亞銀行有限公司,天水圍嘉湖銀座第2期1樓103及103A號舖
香港,東亞銀行有限公司,新界天水圍天秀路8號天一商城1樓1095-1096號鋪
香港,東亞銀行有限公司,新界天水圍天湖路2號天耀廣場地下自動櫃員機1號
香港,東亞銀行有限公司,天水圍天澤商場地下5號舖對出位置﹝扶手電梯側﹞
香港,東亞銀行有限公司,將軍澳重華路8號東港城2樓217B號
香港,東亞銀行有限公司,將軍澳新都城中心1期商場2樓243號
香港,東亞銀行有限公司,將軍澳運亨路1號新都城中心1期2樓243號
香港,東亞銀行有限公司,將軍澳唐德街9號將軍澳中心1樓156號
香港,東亞銀行有限公司,將軍澳唐德街9號將軍澳中心1樓156號
香港,東亞銀行有限公司,新界將軍澳培成路8號南豐廣場1樓中庭位置(近B108舖位)
香港,東亞銀行有限公司,新界將軍澳尚德邨尚德商場地下自動櫃員機2號
香港,東亞銀行有限公司,將軍澳明德邨商場地下5號舖對出
香港,東亞銀行有限公司,將軍澳坑口培成路十五號連理街商場地下﹝坑口站A出口側﹞
香港,東亞銀行有限公司,將軍澳坑口培成路15號連理街商場地下﹝坑口站A出口側﹞
香港,東亞銀行有限公司,青衣青敬路33號青衣城3樓308A-C號
香港,東亞銀行有限公司,青衣站非付款大堂TSY201號號舖
香港,東亞銀行有限公司,新界青衣寮肚路6號長亨邨長亨商場地下自動櫃員機3號
香港,東亞銀行有限公司,新界青衣長發廣場2樓自動櫃員機2號
香港,東亞銀行有限公司,青衣港鐵站3樓自動櫃員機ATM15
香港,東亞銀行有限公司,青衣港鐵站3樓自動櫃員機ATM16
香港,東亞銀行有限公司,青衣青敬路33號盈翠半島青衣城一樓173A號舖
香港,東亞銀行有限公司,青衣青怡花園商場地下9號舖
香港,東亞銀行有限公司,新界荃灣沙咀道297-313號眾安大廈地下5號鋪
香港,東亞銀行有限公司,新界荃灣青山公路210號富華中心2樓B號
香港,東亞銀行有限公司,荃灣青山道210號富華中心1樓1B舖
香港,東亞銀行有限公司,荃灣大霸街4至30號荃灣廣場地庫一層近30號扶手電梯側
香港,東亞銀行有限公司,屯門青山公路8號嶺南大學主樓地下14號
香港,東亞銀行有限公司,屯門屯隆街3號屯門市廣場2期高層地下2至10號舖
香港,東亞銀行有限公司,屯門屯隆街3號屯門市廣場第2期高層地下2-10號
香港,東亞銀行有限公司,新界屯門蝴蝶廣場2樓自動櫃員機2號
香港,東亞銀行有限公司,屯門寶田中轉房屋寶田商場地下10號舖側
香港,東亞銀行有限公司,屯門三聖商場地下3號舖對出
香港,東亞銀行有限公司,元朗青山道77號地下
香港,東亞銀行有限公司,元朗青山公路77號
香港,東亞銀行有限公司,元朗青山道77號
香港,東亞銀行有限公司,"新界元朗元龍街9號形點I,1樓1071舖"
香港,東亞銀行有限公司,元朗新田青山公路新田段1A號新田郵政局
香港,東亞銀行有限公司,元朗元朗廣場1樓
香港,東亞銀行有限公司,大嶼山東涌富東廣場地下11號
香港,東亞銀行有限公司,大嶼山東涌富東廣場地下10-11號
香港,東亞銀行有限公司,大嶼大澳街市街6-8號地下
香港,東亞銀行有限公司,大嶼山梅窩銀礦中心大廈A2號
香港,東亞銀行有限公司,大嶼山東涌逸東商場地下自動櫃員機4號
香港,上海商業銀行,香港仔香港仔大道118號
香港,上海商業銀行,銅鑼灣邊寧頓街18號
香港,上海商業銀行,銅鑼灣謝菲道517號A地下
香港,上海商業銀行,銅鑼灣屈臣道15號維多利中心G7號
香港,上海商業銀行,中環皇后大道中12號上海商業銀行大廈地下
香港,上海商業銀行,中環皇后大道中12號上海商業銀行大廈大堂
香港,上海商業銀行,中環干諾道中48號南源大廈地下及一樓
香港,上海商業銀行,柴灣小西灣道9號富欣花園9號舖
香港,上海商業銀行,北角英皇道486號
香港,上海商業銀行,鰂魚涌太古城太裕路G503號
香港,上海商業銀行,筲箕灣東大街136號
香港,上海商業銀行,上環蘇杭街41-47號
香港,上海商業銀行,灣仔軒尼詩道302號集成中心地下
香港,上海商業銀行,灣仔軒尼詩道19-21號
香港,上海商業銀行,灣仔軒尼詩道302號集成中心LG16號
香港,上海商業銀行,西環卑路乍街57-61號地下2號舖
香港,上海商業銀行,彩虹牛池灣坪石邨鑽石樓115號
香港,上海商業銀行,何文田窩打老道84號K
香港,上海商業銀行,紅磡黃埔花園第四期棕櫚苑商場9號
香港,上海商業銀行,佐敦道23號新寶廣場地下2號舖
香港,上海商業銀行,九龍灣宏開道16號德福大廈
香港,上海商業銀行,九龍塘聯合道320號建新中心G28號
香港,上海商業銀行,觀塘康寧道57-61號
香港,上海商業銀行,青山道438號麗群閣地下5至8號
香港,上海商業銀行,美孚新邨百老匯街29號D
香港,上海商業銀行,美孚新邨百老匯街83號B
香港,上海商業銀行,旺角彌敦道666號
香港,上海商業銀行,新蒲崗康強街28號
香港,上海商業銀行,深水埗長沙灣道141號
香港,上海商業銀行,土瓜灣土瓜灣道60號
香港,上海商業銀行,尖沙咀漢口道7號漢口中心地下
香港,上海商業銀行,東尖沙咀麼地道63號好時中心G27號
香港,上海商業銀行,黄大仙龍翔道136號黃大仙中心北館1樓N117號舖
香港,上海商業銀行,葵涌葵昌路51號九龍貿易中心2座26樓
香港,上海商業銀行,葵涌青山公路482號和記新邨3號
香港,上海商業銀行,馬鞍山西沙路608號馬鞍山廣場三樓308號
香港,上海商業銀行,沙田橫壆街沙田中心70號B
香港,上海商業銀行,上水新豐路82號
香港,上海商業銀行,大埔南運道9號新達廣場1樓54號舖
香港,上海商業銀行,天水圍天恩路18號嘉湖銀座第二期地下G8號舖
香港,上海商業銀行,將軍澳工業邨駿才街77號電視廣播城工場大樓2樓
香港,上海商業銀行,將軍澳貿業路8號新都城商埸第三期地下G1-2號鋪
香港,上海商業銀行,荃灣青山公路405號
香港,上海商業銀行,荃灣德士古道36-60號東亞商場B128-131號
香港,上海商業銀行,屯門鄉事會路4-26號明偉大樓地下1-3號舖
香港,上海商業銀行,元朗康樂路17號
香港,上海商業銀行,大嶼山東涌東堤灣畔五座地下1-2號舖
香港,集友銀行有限公司,香港鰂魚涌英皇道967-967A號
香港,集友銀行有限公司,香港灣仔軒尼詩道325號
香港,集友銀行有限公司,香港皇后大道西443號
香港,集友銀行有限公司,九龍青山道226-228號
香港,集友銀行有限公司,九龍灣啟業邨啟樂樓10號地下
香港,集友銀行有限公司,九龍土瓜灣道78號11-13號舖
香港,集友銀行有限公司,九龍油麻地上海街117-119號地下
香港,集友銀行有限公司,新界沙田穗禾苑商場F7號舖
香港,集友銀行有限公司,將軍澳尚德邨商場238號舖
香港,集友銀行有限公司,新界荃灣沙咀道131-135號地下
香港,集友銀行有限公司,新界屯門安定邨安定商場地下M105號舖
香港,南洋商業銀行有限公司,中環德輔道中151號
香港,南洋商業銀行有限公司,香港皇后大道中359-361號1樓及2樓
香港,南洋商業銀行有限公司,香港中環德己立街1-13號世紀廣場2樓
香港,南洋商業銀行有限公司,香港黃泥涌道29號
香港,南洋商業銀行有限公司,香港北角英皇道351號
香港,南洋商業銀行有限公司,香港英皇道1014-1016號
香港,南洋商業銀行有限公司,香港筲箕灣道63號
香港,南洋商業銀行有限公司,香港港灣道28號灣景中心地下9-10號舖
香港,南洋商業銀行有限公司,香港德輔道西334號
香港,南洋商業銀行有限公司,九龍紅磡蕪湖街69號A
香港,南洋商業銀行有限公司,九龍窩打老道67號B地下至2樓
香港,南洋商業銀行有限公司,九龍觀塘鴻圖道57號南洋廣場地下
香港,南洋商業銀行有限公司,九龍長沙灣道792-794號地下
香港,南洋商業銀行有限公司,九龍新蒲崗衍慶街41-45號
香港,南洋商業銀行有限公司,土瓜灣道62號
香港,南洋商業銀行有限公司,九龍尖沙咀漢口道8-10號漢中大廈地下BC舖
香港,南洋商業銀行有限公司,九龍彌敦道570號
香港,南洋商業銀行有限公司,新界下葵涌興芳道180號
香港,南洋商業銀行有限公司,葵涌梨木道100號
香港,南洋商業銀行有限公司,沙田橫壆街1-15號好運中心地下7-8號舖
香港,南洋商業銀行有限公司,上水石湖墟符興街富興大廈地下
香港,南洋商業銀行有限公司,新界大埔廣福道18號地下A舖
香港,南洋商業銀行有限公司,新界荃灣街巿街21-25號地下AB舖
香港,南洋商業銀行有限公司,新界荃灣眾安街74-78號地下
香港,南洋商業銀行有限公司,元朗大棠道同益大廈地下
澳門,中國銀行澳門分行,澳門蘇亞利斯博士大馬路中國銀行大廈
澳門,中國銀行澳門分行,澳門澳門商業大馬路新八佰伴七樓
澳門,中國銀行澳門分行,澳門中區營地街市地下米糙街入口
澳門,中國銀行澳門分行,澳門葡京酒店東翼(葡京娛樂場入口側)
澳門,中國銀行澳門分行,澳門葡京酒店63號舖
澳門,中國銀行澳門分行,澳門馬場海邊馬路祐添大廈第二座地下
澳門,中國銀行澳門分行,澳門氹仔路氹填海區新城大馬路新濠影匯
澳門,中國銀行澳門分行,澳門商業大馬路251A-301號友邦廣場地下大堂
澳門,中國銀行澳門分行,澳門祐漢新村第二街23號牡丹樓地下D座
澳門,中國銀行澳門分行,澳門關閘馬路翠怡花園怡暉閣地下
澳門,中國銀行澳門分行,澳門氹仔柯維納馬路200-212號樂駿盈軒地下
澳門,中國銀行澳門分行,澳門氹仔路氹金光大道望德聖母灣大馬路威尼斯人度假村酒店
澳門,中國銀行澳門分行,澳門關閘馬路工人體育場停車場收費處
澳門,中國銀行澳門分行,澳門蘇鴉利士博士大馬路中國銀行大廈
澳門,中國銀行澳門分行,澳門連勝馬路54號興勝大廈地下B座
澳門,中國銀行澳門分行,澳門銀河渡假城地庫2樓商舖LG201
澳門,中國銀行澳門分行,澳門皇朝區柏嘉街雅詩閣酒店
澳門,中國銀行澳門分行,澳門路氹體育館大馬路
澳門,中國銀行澳門分行,澳門沙梨頭新街68號聯薪廣場地下CG座
澳門,中國銀行澳門分行,澳門菜園路78號信達廣場第三座地下
澳門,中國銀行澳門分行,澳門黑沙環馬路35-C號慶運大廈
澳門,中國銀行澳門分行,澳門關閘廣場海南花園第二座地下H
澳門,中國銀行澳門分行,澳門友誼馬路星際酒店3樓
澳門,中國銀行澳門分行,澳門路氹金光大道連貫公路
澳門,中國銀行澳門分行,澳門新口岸高美士街33號利澳酒店一樓
澳門,中國銀行澳門分行,澳門友誼大馬路197-223號新建商業大廈一樓
澳門,中國銀行澳門分行,澳門南灣湖景大馬路810號財神商業中心
澳門,中國銀行澳門分行,澳門何鴻燊博士大馬路347號初級法院大樓
澳門,中國銀行澳門分行,澳門青洲河邊馬路14-17號
澳門,中國銀行澳門分行,澳門路氹金光大道連貫公路金沙城中心
澳門,中國銀行澳門分行,澳門氹仔北安大馬路氹仔客運碼頭
澳門,中國銀行澳門分行,澳門羅理基博士大馬路南光大廈
澳門,中國銀行澳門分行,澳門馬六甲街金龍酒店
澳門,中國銀行澳門分行,澳門得勝馬路澳門交通警司處辦公樓
澳門,中國銀行澳門分行,港珠澳大橋邊檢大樓
澳門,中國銀行澳門分行,澳門鏡湖馬路鏡湖醫院急診大堂
澳門,中國銀行澳門分行,澳門羅理基博士大馬路678號駐澳解放軍大樓
澳門,中國銀行澳門分行,澳門友誼馬路港澳碼頭離境大堂
澳門,中國銀行澳門分行,澳門羅理基博士大馬路1118號皇家金堡酒店地下大堂
澳門,中國銀行澳門分行,澳門關閘邊檢大樓一樓離境大堂
澳門,中國銀行澳門分行,澳門畢仕達大馬路208號
澳門,中國銀行澳門分行,澳門美副將大馬路20-22號愉景花園A、H座地下
澳門,中國銀行澳門分行,澳門火船頭街及巴素打爾古街內港12A號至20號碼頭十六浦
澳門,中國銀行澳門分行,澳門蒙地卡羅前地203號金沙酒店員工通道
澳門,中國銀行澳門分行,澳門商業大馬路288號英皇酒店3樓
澳門,中國銀行澳門分行,澳門高美士街理工學院
澳門,中國銀行澳門分行,澳門澳門商業大馬路251A-301號友邦廣場
澳門,中國銀行澳門分行,澳門鏡湖馬路鏡湖醫院專科樓
澳門,中國銀行澳門分行,澳門黑沙環中心街98號民安大廈地下
澳門,中國銀行澳門分行,澳門氹仔偉龍馬路澳門科技大學H座
澳門,中國銀行澳門分行,澳門若憲馬路仁伯爵綜合醫院門診大堂
澳門,中國銀行澳門分行,若憲馬路仁伯爵綜合醫院急診樓大堂
澳門,中國銀行澳門分行,澳門商業大馬路澳門財富中心大堂
澳門,中國銀行澳門分行,澳門望廈山旅遊學院
澳門,中國銀行澳門分行,澳門李加祿街下環街市
澳門,中國銀行澳門分行,澳門慕拉士大馬路區神父街澳門日報大廈
澳門,中國銀行澳門分行,澳門黑沙環新街52號政府綜合服務大樓
澳門,中國銀行澳門分行,澳門友誼大馬路1565-1595號海立方娛樂場
澳門,中國銀行澳門分行,澳門連勝街鏡湖醫院第一門診大樓
澳門,中國銀行澳門分行,澳門羅理基博士大馬路澳門中聯辦辦公大樓
澳門,中國銀行澳門分行,澳門孫逸仙大馬路澳門科學館
澳門,中國銀行澳門分行,澳門新葡京酒店
澳門,中國銀行澳門分行,澳門外港新填海區孫逸仙大馬路澳門美高梅
澳門,中國銀行澳門分行,澳門祐漢市場街206-216號澳門iSQUARE電腦廣場
澳門,中國銀行澳門分行,澳門祐漢騎士馬路怡南大廈71號
澳門,中國銀行澳門分行,澳門新口岸高美士街33號
澳門,中國銀行澳門分行,澳門皇朝仙德麗街永利渡假村
澳門,中國銀行澳門分行,澳門路氹金光大道連貫公路金沙城中心
澳門,中國銀行澳門分行,澳門殷皇子大馬路31A-31B友誼廣場地庫
澳門,中國銀行澳門分行,澳門慕拉士大馬路區神父街澳門日報大廈
澳門,中國銀行澳門分行,澳門沙嘉都喇賈伯麗街31號
澳門,中國銀行澳門分行,澳門羅理基博士大馬路1118號皇家金堡酒店地下大堂
澳門,中國銀行澳門分行,澳門罅些喇提督馬路(提督馬路)52號信邦華庭地下D座
澳門,中國銀行澳門分行,澳門兵營斜巷澳門保安部隊事務局
澳門,中國銀行澳門分行,澳門青洲大馬路435號嘉應花園地下BK座
澳門,中國銀行澳門分行,澳門俾若翰街95號多寶花園地下R座
澳門,中國銀行澳門分行,澳門雅廉訪大馬路52號東方花園地下N座
澳門,中國銀行澳門分行,關閘邊檢大樓入境大堂
澳門,中國銀行澳門分行,港澳碼頭入境大堂
澳門,中國銀行澳門分行,澳門連勝街70號地下鏡湖醫院
澳門,中國銀行澳門分行,澳門氹仔美副將大馬路湖畔大廈
澳門,中國銀行澳門分行,澳門下環街45號B伍氏大廈地下A座
澳門,中國銀行澳門分行,澳門白朗古將軍大馬路646-652號
澳門,中國銀行澳門分行,澳門殷皇子大馬路澳門廣場商場地下大堂
澳門,中國銀行澳門分行,澳門冼星海大馬路金龍中心地下大堂
澳門,中國銀行澳門分行,澳門港澳碼頭一樓
澳門,中國銀行澳門分行,澳門沙梨頭海邊街2-6號工聯大廈
澳門,中國銀行澳門分行,澳門路氹城路氹城大馬路
澳門,中國銀行澳門分行,澳門路氹城路氹城大馬路
澳門,中國銀行澳門分行,澳門路氹邊檢大樓
澳門,中國銀行澳門分行,澳門工業園大馬路
澳門,中國銀行澳門分行,澳門氹仔澳門國際機場
澳門,中國銀行澳門分行,澳門高美士街68號南園大廈地下B舖
澳門,中國銀行澳門分行,澳門友誼馬路星際酒店
澳門,中國銀行澳門分行,澳門羅理基博士大馬路70號地下大堂
澳門,中國銀行澳門分行,澳門高士德大馬路103號地下
澳門,中國銀行澳門分行,澳門下環街1號地下
澳門,中國銀行澳門分行,澳門氹仔埃武拉街388號地下
澳門,中國銀行澳門分行,澳門十月初五街91-95號地下
澳門,中國銀行澳門分行,澳門台山巴波沙大馬路4號翠暉閣A座地下
澳門,中國銀行澳門分行,澳門渡船街49-51號地下
澳門,中國銀行澳門分行,澳門水坑尾街338-342號地下
澳門,中國銀行澳門分行,澳門俾利喇街61-63號地下
澳門,中國銀行澳門分行,澳門俾利喇街61-63號地下
澳門,中國銀行澳門分行,澳門沙梨頭海邊街42號地下
澳門,中國銀行澳門分行,澳門祐漢新邨第一街41-43號地下
澳門,中國銀行澳門分行,澳門祐漢新邨第一街41-43號地下
澳門,中國銀行澳門分行,澳門東北大馬路347號金海山花園第三座C、D地下
澳門,中國銀行澳門分行,澳門東北大馬路347號金海山花園第三座C、D地下
澳門,中國銀行澳門分行,澳門荷蘭園大馬路22-24號地下
澳門,中國銀行澳門分行,澳門高士德大馬路33號地下
澳門,中國銀行澳門分行,澳門慕拉士大馬路130號P座地下
澳門,中國銀行澳門分行,澳門雅廉訪大馬路20-26號地下
澳門,中國銀行澳門分行,澳門白朗古將軍大馬路79號地下
澳門,中國銀行澳門分行,澳門白朗古將軍大馬路79號地下
澳門,中國銀行澳門分行,澳門羅理基博士大馬路382號A座地下
澳門,中國銀行澳門分行,澳門新馬路1號L地下
澳門,中國銀行澳門分行,澳門新馬路13號地下
澳門,中國銀行澳門分行,澳門新馬路13號地下
澳門,中國銀行澳門分行,澳門看台街279號威龍花園B座地下
澳門,中國銀行澳門分行,澳門看台街279號威龍花園B座地下
澳門,中國銀行澳門分行,澳門連勝街67-71號地下
澳門,中國銀行澳門分行,澳門氹仔孫逸仙博士大馬路583-601號地下
澳門,中國銀行澳門分行,澳門馬濟時總督大馬路322、326、330號南岸花園地下Y座、Z座及AA座
澳門,中國銀行澳門分行,澳門板樟堂街9-11號
澳門,中國銀行澳門分行,澳門路氹金光大道金沙城中心金沙廣場2145號鋪
澳門,中國銀行澳門分行,澳門路氹連貫公路新濠天地新濠大道2樓F292號商舖
澳門,中國銀行澳門分行,澳門林茂海邊大馬路海擎天C舖
澳門,中國銀行澳門分行,澳門林茂海邊大馬路海擎天C舖
澳門,中國銀行澳門分行,澳門林茂海邊大馬路海擎天地下C舖
澳門,中國銀行澳門分行,澳門東方明珠街海天居Y、Z、AA、AB、AC鋪
澳門,中國銀行澳門分行,澳門路氹連貫公路新濠影滙2樓2007號
澳門,中國銀行澳門分行,澳門新口岸科英布拉街431-437號
澳門,中國銀行澳門分行,澳門關閘馬路64號怡南大廈地下E、F座鋪位
澳門,中國銀行澳門分行,美獅美高梅，氹仔體育館大馬路
澳門,中國銀行澳門分行,澳門氹仔路氹金光大道望德聖母灣大馬路澳門威尼斯人度假村酒店
澳門,中國銀行澳門分行,澳門氹仔信安馬路永利員工宿舍地下
澳門,中國銀行澳門分行,澳門氹仔徐日昇寅公馬路旅遊學院展望樓地下大堂
澳門,中國銀行澳門分行,澳門氹仔沙維斯街駿景酒店地下娛樂場
澳門,中國銀行澳門分行,澳門氹仔路氹金光大道路氹連貫公路新濠天地
澳門,中國銀行澳門分行,澳門氹仔路氹金光大道路氹連貫公路新濠天地
澳門,中國銀行澳門分行,澳門氹仔大學大馬路澳門大學中銀百年紀念大樓(E3)
澳門,中國銀行澳門分行,澳門氹仔柯維納馬路142號君怡酒店
澳門,中國銀行澳門分行,澳門氹仔偉龍馬路機場專營公司辦公大樓地下
澳門,中國銀行澳門分行,澳門氹仔沙維斯街駿景酒店地下大堂
澳門,中國銀行澳門分行,澳門氹仔北安大馬路氹仔臨時客運碼頭
澳門,中國銀行澳門分行,澳門沙嘉都喇賈伯麗街31號
澳門,中國銀行澳門分行,澳門氹仔路氹金光大道望德聖母灣大馬路澳門威尼斯人度假村酒店員工通道
澳門,中國銀行澳門分行,澳門氹仔偉龍馬路科技大學多功能大樓N座
澳門,中國銀行澳門分行,澳門氹仔俆日昇寅公馬路澳門大學(東亞樓)
澳門,中國銀行澳門分行,澳門氹仔俆日昇寅公馬路澳門大學
澳門,中國銀行澳門分行,澳門氹仔海洋花園522-550號
澳門,中國銀行澳門分行,澳門路氹城路氹城大馬路澳門銀河綜合渡假城
澳門,中國銀行澳門分行,澳門氹仔路氹城大馬路
澳門,中國銀行澳門分行,澳門氹仔澳門國際機場一樓離境大堂
澳門,中國銀行澳門分行,澳門氹仔北安碼頭一巷出入境事務廳地下
澳門,中國銀行澳門分行,澳門氹仔澳門國際機場入境大堂(南翼)
澳門,中國銀行澳門分行,澳門氹仔澳門國際機場入境大堂(北翼)
澳門,中國銀行澳門分行,路氹邊檢大樓入境大堂
澳門,中國銀行澳門分行,氹仔北安臨時客運碼頭入境大堂
澳門,中國銀行澳門分行,澳門氹仔嘉樂庇總督馬路大潭山壹號
澳門,中國銀行澳門分行,澳門氹仔大學大馬路澳門大學伍宜孫圖書館(E2)
澳門,中國銀行澳門分行,中國澳門氹仔大學大馬路研究生宿舍南三座
澳門,中國銀行澳門分行,澳門氹仔徐日昇寅公馬路第一座地下
澳門,中國銀行澳門分行,澳門氹仔路氹金光大道望德聖母灣大馬路澳門威尼斯人度假村酒店大運河購物中心2656舖
澳門,中國銀行澳門分行,澳門氹仔孫逸仙博士大馬路583-601號地下
澳門,中國銀行澳門分行,"澳門氹仔成都街濠景花園第29,31座地下A座"
澳門,中國銀行澳門分行,澳門氹仔路氹金光大道路氹連貫公路新濠天地2層2108號商舖
澳門,中國銀行澳門分行,澳門氹仔大學大馬路澳門大學薈萃坊地下012室
澳門,中國銀行澳門分行,澳門氹仔偉龍馬路澳門科技大學N座圖書館大樓地下N107室
澳門,中國銀行澳門分行,路環蜎蝶谷大馬路石排灣社區綜合大樓
澳門,中國銀行澳門分行,澳門路環石排灣業興大廈第VIII座地下
澳門,中國銀行澳門分行,路環聯生填海區鄰近石排灣馬路金峰南岸會所大堂
澳門,中國銀行澳門分行,路環路氹連貫公路澳門威尼斯人四季酒店
